Date,Team 1,FT,HT,Team 2,Season
Fri Sep 11 2020,Rizespor,1-2,0-0,Fenerbahce,2020-21
Sat Sep 12 2020,Karagumruk,3-0,1-0,Yeni Malatyaspor,2020-21
Sat Sep 12 2020,Sivasspor,0-2,0-1,Alanyaspor,2020-21
Sat Sep 12 2020,Galatasaray,3-1,3-0,Gaziantep,2020-21
Sat Sep 12 2020,Goztep,5-1,3-0,Denizlispor,2020-21
Sun Sep 13 2020,Ankaragucu,1-2,0-0,Erzurum BB,2020-21
Sun Sep 13 2020,Kayserispor,1-0,1-0,Kasimpasa,2020-21
Sun Sep 13 2020,Antalyaspor,2-0,1-0,Genclerbirligi,2020-21
Sun Sep 13 2020,Trabzonspor,1-3,0-1,Besiktas,2020-21
Mon Sep 14 2020,Hatayspor,2-0,1-0,Buyuksehyr,2020-21
Fri Sep 18 2020,Yeni Malatyaspor,1-1,1-1,Goztep,2020-21
Sat Sep 19 2020,Genclerbirligi,0-0,0-0,Konyaspor,2020-21
Sat Sep 19 2020,Denizlispor,0-0,0-0,Trabzonspor,2020-21
Sat Sep 19 2020,Alanyaspor,2-0,1-0,Kayserispor,2020-21
Sat Sep 19 2020,Besiktas,1-1,1-0,Antalyaspor,2020-21
Sun Sep 20 2020,Erzurum BB,1-2,0-0,Sivasspor,2020-21
Sun Sep 20 2020,Kasimpasa,2-0,1-0,Rizespor,2020-21
Sun Sep 20 2020,Buyuksehyr,0-2,0-1,Galatasaray,2020-21
Sun Sep 20 2020,Gaziantep,2-2,0-1,Karagumruk,2020-21
Mon Sep 21 2020,Fenerbahce,0-0,0-0,Hatayspor,2020-21
Fri Sep 25 2020,Karagumruk,2-0,0-0,Buyuksehyr,2020-21
Sat Sep 26 2020,Kayserispor,1-3,0-2,Erzurum BB,2020-21
Sat Sep 26 2020,Goztep,2-2,0-1,Gaziantep,2020-21
Sat Sep 26 2020,Hatayspor,1-0,0-0,Kasimpasa,2020-21
Sat Sep 26 2020,Trabzonspor,3-1,3-0,Yeni Malatyaspor,2020-21
Sun Sep 27 2020,Rizespor,1-1,0-0,Alanyaspor,2020-21
Sun Sep 27 2020,Konyaspor,4-1,1-0,Besiktas,2020-21
Sun Sep 27 2020,Sivasspor,0-0,0-0,Ankaragucu,2020-21
Sun Sep 27 2020,Galatasaray,0-0,0-0,Fenerbahce,2020-21
Mon Sep 28 2020,Antalyaspor,1-0,0-0,Denizlispor,2020-21
Fri Oct 2 2020,Ankaragucu,0-1,0-1,Kayserispor,2020-21
Fri Oct 2 2020,Gaziantep,1-1,0-0,Trabzonspor,2020-21
Sat Oct 3 2020,Yeni Malatyaspor,1-0,1-0,Antalyaspor,2020-21
Sat Oct 3 2020,Buyuksehyr,0-0,0-0,Goztep,2020-21
Sat Oct 3 2020,Erzurum BB,0-0,0-0,Rizespor,2020-21
Sat Oct 3 2020,Fenerbahce,2-1,1-0,Karagumruk,2020-21
Sun Oct 4 2020,Denizlispor,0-0,0-0,Konyaspor,2020-21
Sun Oct 4 2020,Alanyaspor,6-0,4-0,Hatayspor,2020-21
Sun Oct 4 2020,Besiktas,0-1,0-1,Genclerbirligi,2020-21
Sun Oct 4 2020,Kasimpasa,1-0,1-0,Galatasaray,2020-21
Sat Oct 17 2020,Rizespor,5-3,2-3,Ankaragucu,2020-21
Sat Oct 17 2020,Kayserispor,1-3,0-1,Sivasspor,2020-21
Sat Oct 17 2020,Konyaspor,1-1,0-0,Yeni Malatyaspor,2020-21
Sat Oct 17 2020,Trabzonspor,0-2,0-1,Buyuksehyr,2020-21
Sun Oct 18 2020,Antalyaspor,1-1,1-0,Gaziantep,2020-21
Sun Oct 18 2020,Karagumruk,1-1,1-0,Kasimpasa,2020-21
Sun Oct 18 2020,Goztep,2-3,1-2,Fenerbahce,2020-21
Mon Oct 19 2020,Galatasaray,1-2,1-1,Alanyaspor,2020-21
Mon Oct 19 2020,Genclerbirligi,1-2,0-2,Denizlispor,2020-21
Fri Oct 23 2020,Kasimpasa,0-0,0-0,Goztep,2020-21
Sat Oct 24 2020,Gaziantep,1-0,0-0,Konyaspor,2020-21
Sat Oct 24 2020,Buyuksehyr,5-1,4-1,Antalyaspor,2020-21
Sat Oct 24 2020,Erzurum BB,1-2,1-1,Galatasaray,2020-21
Sun Oct 25 2020,Yeni Malatyaspor,2-1,1-1,Genclerbirligi,2020-21
Sun Oct 25 2020,Alanyaspor,2-0,1-0,Karagumruk,2020-21
Sun Oct 25 2020,Fenerbahce,3-1,0-1,Trabzonspor,2020-21
Mon Oct 26 2020,Denizlispor,2-3,0-2,Besiktas,2020-21
Mon Oct 26 2020,Sivasspor,0-2,0-1,Rizespor,2020-21
Fri Oct 30 2020,Karagumruk,5-1,3-0,Erzurum BB,2020-21
Fri Oct 30 2020,Trabzonspor,3-4,3-2,Kasimpasa,2020-21
Sat Oct 31 2020,Genclerbirligi,1-1,0-1,Gaziantep,2020-21
Sat Oct 31 2020,Galatasaray,1-0,1-0,Ankaragucu,2020-21
Sun Nov 1 2020,Rizespor,1-0,1-0,Kayserispor,2020-21
Sun Nov 1 2020,Konyaspor,1-2,0-1,Buyuksehyr,2020-21
Sun Nov 1 2020,Besiktas,1-0,0-0,Yeni Malatyaspor,2020-21
Mon Nov 2 2020,Antalyaspor,1-2,0-0,Fenerbahce,2020-21
Mon Nov 2 2020,Hatayspor,1-1,1-1,Sivasspor,2020-21
Fri Nov 6 2020,Gaziantep,3-1,1-0,Besiktas,2020-21
Sat Nov 7 2020,Kasimpasa,2-2,1-0,Antalyaspor,2020-21
Sat Nov 7 2020,Alanyaspor,1-1,0-0,Trabzonspor,2020-21
Sat Nov 7 2020,Erzurum BB,1-1,0-1,Goztep,2020-21
Sat Nov 7 2020,Fenerbahce,0-2,0-0,Konyaspor,2020-21
Sun Nov 8 2020,Ankaragucu,2-2,1-2,Karagumruk,2020-21
Sun Nov 8 2020,Yeni Malatyaspor,2-0,2-0,Denizlispor,2020-21
Sun Nov 8 2020,Buyuksehyr,2-1,0-1,Genclerbirligi,2020-21
Sun Nov 8 2020,Kayserispor,0-1,0-0,Hatayspor,2020-21
Sun Nov 8 2020,Sivasspor,1-2,0-1,Galatasaray,2020-21
Sat Nov 21 2020,Karagumruk,1-1,0-1,Sivasspor,2020-21
Sat Nov 21 2020,Denizlispor,0-1,0-1,Gaziantep,2020-21
Sat Nov 21 2020,Genclerbirligi,1-5,1-2,Fenerbahce,2020-21
Sat Nov 21 2020,Besiktas,3-2,2-0,Buyuksehyr,2020-21
Sun Nov 22 2020,Hatayspor,2-2,1-1,Rizespor,2020-21
Sun Nov 22 2020,Goztep,3-1,1-0,Ankaragucu,2020-21
Sun Nov 22 2020,Konyaspor,2-1,0-1,Kasimpasa,2020-21
Sun Nov 22 2020,Antalyaspor,0-2,0-0,Alanyaspor,2020-21
Sun Nov 22 2020,Trabzonspor,1-0,1-0,Erzurum BB,2020-21
Mon Nov 23 2020,Galatasaray,1-1,0-0,Kayserispor,2020-21
Fri Nov 27 2020,Ankaragucu,0-1,0-1,Trabzonspor,2020-21
Sat Nov 28 2020,Gaziantep,2-2,1-0,Yeni Malatyaspor,2020-21
Sat Nov 28 2020,Buyuksehyr,3-3,2-0,Denizlispor,2020-21
Sat Nov 28 2020,Rizespor,0-4,0-1,Galatasaray,2020-21
Sun Nov 29 2020,Erzurum BB,2-2,1-0,Antalyaspor,2020-21
Sun Nov 29 2020,Alanyaspor,1-0,1-0,Konyaspor,2020-21
Sun Nov 29 2020,Kasimpasa,2-0,2-0,Genclerbirligi,2020-21
Sun Nov 29 2020,Fenerbahce,3-4,1-2,Besiktas,2020-21
Mon Nov 30 2020,Kayserispor,0-0,0-0,Karagumruk,2020-21
Mon Nov 30 2020,Sivasspor,0-1,0-0,Goztep,2020-21
Fri Dec 4 2020,Besiktas,3-0,1-0,Kasimpasa,2020-21
Sat Dec 5 2020,Genclerbirligi,2-1,1-0,Alanyaspor,2020-21
Sat Dec 5 2020,Goztep,1-1,0-0,Kayserispor,2020-21
Sat Dec 5 2020,Konyaspor,2-0,1-0,Erzurum BB,2020-21
Sat Dec 5 2020,Yeni Malatyaspor,1-1,0-1,Buyuksehyr,2020-21
Sat Dec 5 2020,Galatasaray,3-0,1-0,Hatayspor,2020-21
Sun Dec 6 2020,Karagumruk,2-1,2-1,Rizespor,2020-21
Sun Dec 6 2020,Antalyaspor,1-0,1-0,Ankaragucu,2020-21
Sun Dec 6 2020,Denizlispor,0-2,0-2,Fenerbahce,2020-21
Mon Dec 7 2020,Trabzonspor,1-1,1-0,Sivasspor,2020-21
Wed Dec 9 2020,Goztep,1-0,0-0,Alanyaspor,2020-21
Wed Dec 9 2020,Hatayspor,3-0,1-0,Erzurum BB,2020-21
Fri Dec 11 2020,Kasimpasa,3-2,2-1,Denizlispor,2020-21
Sat Dec 12 2020,Hatayspor,3-1,1-0,Karagumruk,2020-21
Sat Dec 12 2020,Kayserispor,0-0,0-0,Trabzonspor,2020-21
Sat Dec 12 2020,Rizespor,3-2,1-0,Goztep,2020-21
Sat Dec 12 2020,Ankaragucu,4-3,1-2,Konyaspor,2020-21
Sat Dec 12 2020,Fenerbahce,0-3,0-2,Yeni Malatyaspor,2020-21
Sun Dec 13 2020,Erzurum BB,0-1,0-0,Genclerbirligi,2020-21
Sun Dec 13 2020,Alanyaspor,2-1,1-0,Besiktas,2020-21
Sun Dec 13 2020,Buyuksehyr,1-2,0-1,Gaziantep,2020-21
Mon Dec 14 2020,Sivasspor,0-0,0-0,Antalyaspor,2020-21
Tue Dec 15 2020,Ankaragucu,2-0,0-0,Hatayspor,2020-21
Fri Dec 18 2020,Karagumruk,2-1,0-0,Galatasaray,2020-21
Sat Dec 19 2020,Goztep,0-1,0-0,Hatayspor,2020-21
Sat Dec 19 2020,Trabzonspor,2-1,0-1,Rizespor,2020-21
Sat Dec 19 2020,Yeni Malatyaspor,2-0,1-0,Kasimpasa,2020-21
Sat Dec 19 2020,Gaziantep,3-1,2-1,Fenerbahce,2020-21
Sun Dec 20 2020,Genclerbirligi,1-1,0-0,Ankaragucu,2020-21
Sun Dec 20 2020,Denizlispor,1-0,1-0,Alanyaspor,2020-21
Sun Dec 20 2020,Besiktas,4-0,0-0,Erzurum BB,2020-21
Mon Dec 21 2020,Antalyaspor,2-0,2-0,Kayserispor,2020-21
Mon Dec 21 2020,Konyaspor,0-1,0-0,Sivasspor,2020-21
Tue Dec 22 2020,Hatayspor,0-1,0-0,Trabzonspor,2020-21
Tue Dec 22 2020,Galatasaray,3-1,2-1,Goztep,2020-21
Wed Dec 23 2020,Alanyaspor,1-1,1-0,Yeni Malatyaspor,2020-21
Wed Dec 23 2020,Erzurum BB,1-2,0-1,Denizlispor,2020-21
Wed Dec 23 2020,Fenerbahce,4-1,1-1,Buyuksehyr,2020-21
Wed Dec 23 2020,Kasimpasa,0-4,0-2,Gaziantep,2020-21
Thu Dec 24 2020,Kayserispor,1-2,1-0,Konyaspor,2020-21
Thu Dec 24 2020,Sivasspor,3-1,1-0,Genclerbirligi,2020-21
Thu Dec 24 2020,Ankaragucu,0-1,0-0,Besiktas,2020-21
Thu Dec 24 2020,Rizespor,2-1,1-0,Antalyaspor,2020-21
Sat Dec 26 2020,Goztep,1-1,1-0,Karagumruk,2020-21
Sat Dec 26 2020,Trabzonspor,0-2,0-1,Galatasaray,2020-21
Sun Dec 27 2020,Gaziantep,3-1,2-1,Alanyaspor,2020-21
Sun Dec 27 2020,Denizlispor,1-2,0-2,Ankaragucu,2020-21
Sun Dec 27 2020,Yeni Malatyaspor,1-3,0-1,Erzurum BB,2020-21
Sun Dec 27 2020,Buyuksehyr,2-2,1-1,Kasimpasa,2020-21
Mon Dec 28 2020,Genclerbirligi,3-2,1-1,Kayserispor,2020-21
Mon Dec 28 2020,Konyaspor,1-1,1-0,Rizespor,2020-21
Mon Dec 28 2020,Besiktas,3-0,1-0,Sivasspor,2020-21
Tue Dec 29 2020,Antalyaspor,0-6,0-5,Hatayspor,2020-21
Sat Jan 2 2021,Erzurum BB,1-1,0-0,Gaziantep,2020-21
Sat Jan 2 2021,Sivasspor,2-2,2-1,Denizlispor,2020-21
Sat Jan 2 2021,Alanyaspor,3-0,2-0,Buyuksehyr,2020-21
Sat Jan 2 2021,Ankaragucu,3-1,2-0,Yeni Malatyaspor,2020-21
Sat Jan 2 2021,Galatasaray,0-0,0-0,Antalyaspor,2020-21
Sat Jan 2 2021,Hatayspor,2-1,1-1,Konyaspor,2020-21
Sun Jan 3 2021,Rizespor,1-1,1-0,Genclerbirligi,2020-21
Sun Jan 3 2021,Karagumruk,1-2,0-0,Trabzonspor,2020-21
Sun Jan 3 2021,Kayserispor,0-2,0-0,Besiktas,2020-21
Mon Jan 4 2021,Kasimpasa,0-3,0-2,Fenerbahce,2020-21
Tue Jan 5 2021,Gaziantep,2-0,0-0,Ankaragucu,2020-21
Tue Jan 5 2021,Yeni Malatyaspor,2-2,1-2,Sivasspor,2020-21
Tue Jan 5 2021,Konyaspor,4-3,1-1,Galatasaray,2020-21
Wed Jan 6 2021,Denizlispor,0-1,0-1,Kayserispor,2020-21
Wed Jan 6 2021,Buyuksehyr,1-0,1-0,Erzurum BB,2020-21
Wed Jan 6 2021,Genclerbirligi,3-1,1-1,Hatayspor,2020-21
Wed Jan 6 2021,Trabzonspor,1-0,1-0,Goztep,2020-21
Wed Jan 6 2021,Antalyaspor,3-1,2-1,Karagumruk,2020-21
Wed Jan 6 2021,Besiktas,6-0,2-0,Rizespor,2020-21
Thu Jan 7 2021,Fenerbahce,2-1,1-0,Alanyaspor,2020-21
Sat Jan 9 2021,Sivasspor,2-1,1-1,Gaziantep,2020-21
Sat Jan 9 2021,Goztep,0-1,0-0,Antalyaspor,2020-21
Sat Jan 9 2021,Kayserispor,1-0,1-0,Yeni Malatyaspor,2020-21
Sat Jan 9 2021,Galatasaray,6-0,4-0,Genclerbirligi,2020-21
Sun Jan 10 2021,Karagumruk,2-1,0-0,Konyaspor,2020-21
Sun Jan 10 2021,Ankaragucu,1-2,1-1,Buyuksehyr,2020-21
Sun Jan 10 2021,Rizespor,1-1,0-1,Denizlispor,2020-21
Sun Jan 10 2021,Hatayspor,2-2,2-2,Besiktas,2020-21
Mon Jan 11 2021,Erzurum BB,0-3,0-1,Fenerbahce,2020-21
Mon Jan 11 2021,Alanyaspor,1-2,1-2,Kasimpasa,2020-21
Fri Jan 15 2021,Genclerbirligi,1-3,0-2,Karagumruk,2020-21
Sat Jan 16 2021,Konyaspor,2-3,0-2,Goztep,2020-21
Sat Jan 16 2021,Buyuksehyr,1-1,1-1,Sivasspor,2020-21
Sat Jan 16 2021,Gaziantep,2-1,1-0,Kayserispor,2020-21
Sat Jan 16 2021,Antalyaspor,1-1,1-0,Trabzonspor,2020-21
Sun Jan 17 2021,Denizlispor,0-2,0-0,Hatayspor,2020-21
Sun Jan 17 2021,Yeni Malatyaspor,4-1,0-1,Rizespor,2020-21
Sun Jan 17 2021,Besiktas,2-0,0-0,Galatasaray,2020-21
Mon Jan 18 2021,Fenerbahce,3-1,2-0,Ankaragucu,2020-21
Mon Jan 18 2021,Kasimpasa,1-2,0-1,Erzurum BB,2020-21
Tue Jan 19 2021,Goztep,4-0,3-0,Genclerbirligi,2020-21
Tue Jan 19 2021,Kayserispor,2-0,1-0,Buyuksehyr,2020-21
Tue Jan 19 2021,Trabzonspor,3-1,1-0,Konyaspor,2020-21
Wed Jan 20 2021,Hatayspor,1-2,0-0,Yeni Malatyaspor,2020-21
Wed Jan 20 2021,Rizespor,3-0,1-0,Gaziantep,2020-21
Wed Jan 20 2021,Galatasaray,6-1,3-0,Denizlispor,2020-21
Thu Jan 21 2021,Erzurum BB,1-1,1-0,Alanyaspor,2020-21
Thu Jan 21 2021,Karagumruk,1-4,0-1,Besiktas,2020-21
Thu Jan 21 2021,Ankaragucu,1-0,1-0,Kasimpasa,2020-21
Thu Jan 21 2021,Sivasspor,1-1,1-1,Fenerbahce,2020-21
Sat Jan 23 2021,Genclerbirligi,1-2,0-1,Trabzonspor,2020-21
Sat Jan 23 2021,Buyuksehyr,1-1,0-0,Rizespor,2020-21
Sun Jan 24 2021,Konyaspor,0-0,0-0,Antalyaspor,2020-21
Sun Jan 24 2021,Denizlispor,1-2,0-1,Karagumruk,2020-21
Sun Jan 24 2021,Yeni Malatyaspor,0-1,0-0,Galatasaray,2020-21
Sun Jan 24 2021,Besiktas,2-1,0-1,Goztep,2020-21
Sun Jan 24 2021,Gaziantep,1-1,1-0,Hatayspor,2020-21
Mon Jan 25 2021,Kasimpasa,2-0,2-0,Sivasspor,2020-21
Mon Jan 25 2021,Alanyaspor,4-3,1-2,Ankaragucu,2020-21
Mon Jan 25 2021,Fenerbahce,3-0,1-0,Kayserispor,2020-21
Fri Jan 29 2021,Yeni Malatyaspor,0-0,0-0,Karagumruk,2020-21
Fri Jan 29 2021,Gaziantep,1-2,0-0,Galatasaray,2020-21
Sat Jan 30 2021,Kasimpasa,0-1,0-0,Kayserispor,2020-21
Sat Jan 30 2021,Buyuksehyr,1-5,0-3,Hatayspor,2020-21
Sat Jan 30 2021,Fenerbahce,1-0,1-0,Rizespor,2020-21
Sun Jan 31 2021,Erzurum BB,1-0,0-0,Ankaragucu,2020-21
Sun Jan 31 2021,Alanyaspor,3-1,2-0,Sivasspor,2020-21
Sun Jan 31 2021,Denizlispor,2-1,1-0,Goztep,2020-21
Sun Jan 31 2021,Genclerbirligi,0-1,0-0,Antalyaspor,2020-21
Sun Jan 31 2021,Besiktas,1-2,1-1,Trabzonspor,2020-21
Tue Feb 2 2021,Hatayspor,1-2,0-1,Fenerbahce,2020-21
Tue Feb 2 2021,Galatasaray,3-0,1-0,Buyuksehyr,2020-21
Tue Feb 2 2021,Rizespor,1-1,0-0,Kasimpasa,2020-21
Wed Feb 3 2021,Sivasspor,0-0,0-0,Erzurum BB,2020-21
Wed Feb 3 2021,Karagumruk,2-0,0-0,Gaziantep,2020-21
Wed Feb 3 2021,Kayserispor,1-1,0-0,Alanyaspor,2020-21
Wed Feb 3 2021,Antalyaspor,1-1,1-0,Besiktas,2020-21
Wed Feb 3 2021,Konyaspor,0-0,0-0,Genclerbirligi,2020-21
Thu Feb 4 2021,Goztep,2-2,1-1,Yeni Malatyaspor,2020-21
Thu Feb 4 2021,Trabzonspor,1-0,0-0,Denizlispor,2020-21
Sat Feb 6 2021,Kasimpasa,1-4,0-1,Hatayspor,2020-21
Sat Feb 6 2021,Alanyaspor,2-1,1-1,Rizespor,2020-21
Sat Feb 6 2021,Buyuksehyr,0-1,0-0,Karagumruk,2020-21
Sat Feb 6 2021,Fenerbahce,0-1,0-0,Galatasaray,2020-21
Sun Feb 7 2021,Erzurum BB,1-1,1-0,Kayserispor,2020-21
Sun Feb 7 2021,Ankaragucu,1-4,0-1,Sivasspor,2020-21
Sun Feb 7 2021,Denizlispor,1-1,1-0,Antalyaspor,2020-21
Sun Feb 7 2021,Besiktas,1-0,0-0,Konyaspor,2020-21
Mon Feb 8 2021,Gaziantep,2-0,0-0,Goztep,2020-21
Mon Feb 8 2021,Yeni Malatyaspor,0-2,0-0,Trabzonspor,2020-21
Fri Feb 12 2021,Rizespor,0-2,0-0,Erzurum BB,2020-21
Sat Feb 13 2021,Kayserispor,0-0,0-0,Ankaragucu,2020-21
Sat Feb 13 2021,Trabzonspor,1-0,0-0,Gaziantep,2020-21
Sat Feb 13 2021,Karagumruk,1-2,0-1,Fenerbahce,2020-21
Sun Feb 14 2021,Konyaspor,2-0,0-0,Denizlispor,2020-21
Sun Feb 14 2021,Galatasaray,2-1,1-0,Kasimpasa,2020-21
Sun Feb 14 2021,Goztep,2-1,1-0,Buyuksehyr,2020-21
Sun Feb 14 2021,Hatayspor,0-0,0-0,Alanyaspor,2020-21
Mon Feb 15 2021,Genclerbirligi,0-3,0-1,Besiktas,2020-21
Mon Feb 15 2021,Antalyaspor,1-1,1-1,Yeni Malatyaspor,2020-21
Fri Feb 19 2021,Buyuksehyr,0-1,0-0,Trabzonspor,2020-21
Sat Feb 20 2021,Kasimpasa,3-2,1-1,Karagumruk,2020-21
Sat Feb 20 2021,Denizlispor,1-0,1-0,Genclerbirligi,2020-21
Sat Feb 20 2021,Yeni Malatyaspor,2-3,2-0,Konyaspor,2020-21
Sat Feb 20 2021,Alanyaspor,0-1,0-1,Galatasaray,2020-21
Sun Feb 21 2021,Erzurum BB,1-3,0-2,Hatayspor,2020-21
Sun Feb 21 2021,Gaziantep,0-0,0-0,Antalyaspor,2020-21
Sun Feb 21 2021,Sivasspor,2-0,1-0,Kayserispor,2020-21
Sun Feb 21 2021,Fenerbahce,0-1,0-1,Goztep,2020-21
Mon Feb 22 2021,Ankaragucu,1-1,1-1,Rizespor,2020-21
Fri Feb 26 2021,Genclerbirligi,1-1,0-1,Yeni Malatyaspor,2020-21
Fri Feb 26 2021,Konyaspor,0-0,0-0,Gaziantep,2020-21
Fri Feb 26 2021,Besiktas,3-0,3-0,Denizlispor,2020-21
Sat Feb 27 2021,Hatayspor,4-1,1-1,Ankaragucu,2020-21
Sat Feb 27 2021,Karagumruk,2-0,0-0,Alanyaspor,2020-21
Sat Feb 27 2021,Antalyaspor,0-0,0-0,Buyuksehyr,2020-21
Sat Feb 27 2021,Rizespor,0-0,0-0,Sivasspor,2020-21
Sat Feb 27 2021,Galatasaray,2-0,2-0,Erzurum BB,2020-21
Sun Feb 28 2021,Goztep,1-0,1-0,Kasimpasa,2020-21
Sun Feb 28 2021,Trabzonspor,0-1,0-0,Fenerbahce,2020-21
Tue Mar 2 2021,Gaziantep,2-1,0-1,Genclerbirligi,2020-21
Tue Mar 2 2021,Yeni Malatyaspor,0-1,0-0,Besiktas,2020-21
Wed Mar 3 2021,Erzurum BB,2-2,1-1,Karagumruk,2020-21
Wed Mar 3 2021,Buyuksehyr,1-1,0-0,Konyaspor,2020-21
Wed Mar 3 2021,Sivasspor,1-1,0-0,Hatayspor,2020-21
Wed Mar 3 2021,Ankaragucu,2-1,1-0,Galatasaray,2020-21
Wed Mar 3 2021,Kayserispor,2-1,0-0,Rizespor,2020-21
Thu Mar 4 2021,Alanyaspor,1-1,0-1,Goztep,2020-21
Thu Mar 4 2021,Kasimpasa,1-2,1-1,Trabzonspor,2020-21
Thu Mar 4 2021,Fenerbahce,1-1,0-1,Antalyaspor,2020-21
Sat Mar 6 2021,Denizlispor,3-2,2-1,Yeni Malatyaspor,2020-21
Sat Mar 6 2021,Besiktas,2-1,1-0,Gaziantep,2020-21
Sun Mar 7 2021,Karagumruk,0-1,0-0,Ankaragucu,2020-21
Sun Mar 7 2021,Genclerbirligi,0-1,0-0,Buyuksehyr,2020-21
Sun Mar 7 2021,Hatayspor,1-3,0-2,Kayserispor,2020-21
Sun Mar 7 2021,Galatasaray,2-2,1-2,Sivasspor,2020-21
Mon Mar 8 2021,Antalyaspor,1-1,1-0,Kasimpasa,2020-21
Mon Mar 8 2021,Trabzonspor,1-3,0-0,Alanyaspor,2020-21
Mon Mar 8 2021,Goztep,3-1,1-0,Erzurum BB,2020-21
Mon Mar 8 2021,Konyaspor,0-3,0-2,Fenerbahce,2020-21
Fri Mar 12 2021,Buyuksehyr,2-3,0-1,Besiktas,2020-21
Sat Mar 13 2021,Sivasspor,1-0,1-0,Karagumruk,2020-21
Sat Mar 13 2021,Alanyaspor,4-0,2-0,Antalyaspor,2020-21
Sat Mar 13 2021,Rizespor,1-0,0-0,Hatayspor,2020-21
Sat Mar 13 2021,Kayserispor,0-3,0-1,Galatasaray,2020-21
Sun Mar 14 2021,Ankaragucu,3-0,1-0,Goztep,2020-21
Sun Mar 14 2021,Erzurum BB,0-0,0-0,Trabzonspor,2020-21
Sun Mar 14 2021,Gaziantep,2-0,0-0,Denizlispor,2020-21
Sun Mar 14 2021,Fenerbahce,1-2,1-1,Genclerbirligi,2020-21
Mon Mar 15 2021,Kasimpasa,1-1,0-0,Konyaspor,2020-21
Fri Mar 19 2021,Karagumruk,3-0,1-0,Kayserispor,2020-21
Fri Mar 19 2021,Galatasaray,3-4,2-2,Rizespor,2020-21
Sat Mar 20 2021,Genclerbirligi,2-1,0-0,Kasimpasa,2020-21
Sat Mar 20 2021,Goztep,3-5,0-4,Sivasspor,2020-21
Sat Mar 20 2021,Yeni Malatyaspor,2-2,1-1,Gaziantep,2020-21
Sat Mar 20 2021,Trabzonspor,4-1,3-1,Ankaragucu,2020-21
Sun Mar 21 2021,Antalyaspor,3-1,0-1,Erzurum BB,2020-21
Sun Mar 21 2021,Konyaspor,1-0,1-0,Alanyaspor,2020-21
Sun Mar 21 2021,Denizlispor,0-0,0-0,Buyuksehyr,2020-21
Sun Mar 21 2021,Besiktas,1-1,0-0,Fenerbahce,2020-21
Sat Apr 3 2021,Kayserispor,1-1,1-0,Goztep,2020-21
Sat Apr 3 2021,Rizespor,0-0,0-0,Karagumruk,2020-21
Sat Apr 3 2021,Sivasspor,0-0,0-0,Trabzonspor,2020-21
Sat Apr 3 2021,Hatayspor,3-0,2-0,Galatasaray,2020-21
Sun Apr 4 2021,Erzurum BB,1-2,1-2,Konyaspor,2020-21
Sun Apr 4 2021,Alanyaspor,1-2,1-1,Genclerbirligi,2020-21
Sun Apr 4 2021,Ankaragucu,1-0,0-0,Antalyaspor,2020-21
Sun Apr 4 2021,Buyuksehyr,3-1,1-0,Yeni Malatyaspor,2020-21
Sun Apr 4 2021,Kasimpasa,1-0,1-0,Besiktas,2020-21
Mon Apr 5 2021,Fenerbahce,1-0,0-0,Denizlispor,2020-21
Tue Apr 6 2021,Goztep,2-0,0-0,Rizespor,2020-21
Tue Apr 6 2021,Karagumruk,1-0,0-0,Hatayspor,2020-21
Tue Apr 6 2021,Trabzonspor,1-1,1-1,Kayserispor,2020-21
Wed Apr 7 2021,Genclerbirligi,1-1,1-0,Erzurum BB,2020-21
Wed Apr 7 2021,Konyaspor,1-1,0-0,Ankaragucu,2020-21
Wed Apr 7 2021,Antalyaspor,2-4,1-2,Sivasspor,2020-21
Wed Apr 7 2021,Besiktas,3-0,1-0,Alanyaspor,2020-21
Thu Apr 8 2021,Denizlispor,1-1,0-0,Kasimpasa,2020-21
Thu Apr 8 2021,Gaziantep,2-0,1-0,Buyuksehyr,2020-21
Thu Apr 8 2021,Yeni Malatyaspor,1-1,1-1,Fenerbahce,2020-21
Sat Apr 10 2021,Hatayspor,2-3,0-2,Goztep,2020-21
Sat Apr 10 2021,Rizespor,0-0,0-0,Trabzonspor,2020-21
Sat Apr 10 2021,Galatasaray,1-1,0-0,Karagumruk,2020-21
Sun Apr 11 2021,Sivasspor,3-1,1-0,Konyaspor,2020-21
Sun Apr 11 2021,Ankaragucu,2-1,0-0,Genclerbirligi,2020-21
Sun Apr 11 2021,Kayserispor,0-1,0-1,Antalyaspor,2020-21
Sun Apr 11 2021,Erzurum BB,2-4,2-2,Besiktas,2020-21
Mon Apr 12 2021,Kasimpasa,0-0,0-0,Yeni Malatyaspor,2020-21
Mon Apr 12 2021,Alanyaspor,3-2,0-1,Denizlispor,2020-21
Mon Apr 12 2021,Fenerbahce,3-1,0-0,Gaziantep,2020-21
Fri Apr 16 2021,Genclerbirligi,2-3,2-0,Sivasspor,2020-21
Fri Apr 16 2021,Konyaspor,0-0,0-0,Kayserispor,2020-21
Fri Apr 16 2021,Antalyaspor,2-3,1-2,Rizespor,2020-21
Fri Apr 16 2021,Besiktas,2-2,1-0,Ankaragucu,2020-21
Sat Apr 17 2021,Denizlispor,2-3,0-1,Erzurum BB,2020-21
Sat Apr 17 2021,Trabzonspor,1-1,1-0,Hatayspor,2020-21
Sat Apr 17 2021,Yeni Malatyaspor,1-0,0-0,Alanyaspor,2020-21
Sat Apr 17 2021,Goztep,1-3,1-2,Galatasaray,2020-21
Sun Apr 18 2021,Gaziantep,2-2,0-1,Kasimpasa,2020-21
Sun Apr 18 2021,Buyuksehyr,1-2,1-1,Fenerbahce,2020-21
Tue Apr 20 2021,Karagumruk,1-1,1-0,Goztep,2020-21
Tue Apr 20 2021,Kayserispor,2-2,1-0,Genclerbirligi,2020-21
Tue Apr 20 2021,Rizespor,5-3,2-2,Konyaspor,2020-21
Tue Apr 20 2021,Hatayspor,3-2,1-0,Antalyaspor,2020-21
Tue Apr 20 2021,Sivasspor,0-0,0-0,Besiktas,2020-21
Wed Apr 21 2021,Ankaragucu,1-1,1-1,Denizlispor,2020-21
Wed Apr 21 2021,Erzurum BB,1-0,0-0,Yeni Malatyaspor,2020-21
Wed Apr 21 2021,Galatasaray,1-1,0-0,Trabzonspor,2020-21
Thu Apr 22 2021,Alanyaspor,3-2,2-2,Gaziantep,2020-21
Thu Apr 22 2021,Kasimpasa,0-1,0-1,Buyuksehyr,2020-21
Fri Apr 23 2021,Genclerbirligi,2-1,1-0,Rizespor,2020-21
Sat Apr 24 2021,Konyaspor,0-0,0-0,Hatayspor,2020-21
Sat Apr 24 2021,Trabzonspor,2-0,1-0,Karagumruk,2020-21
Sat Apr 24 2021,Antalyaspor,0-1,0-0,Galatasaray,2020-21
Sat Apr 24 2021,Besiktas,3-1,2-1,Kayserispor,2020-21
Sat Apr 24 2021,Denizlispor,1-1,0-1,Sivasspor,2020-21
Sun Apr 25 2021,Yeni Malatyaspor,2-1,0-0,Ankaragucu,2020-21
Sun Apr 25 2021,Buyuksehyr,0-0,0-0,Alanyaspor,2020-21
Sun Apr 25 2021,Gaziantep,2-3,0-0,Erzurum BB,2020-21
Sun Apr 25 2021,Fenerbahce,3-2,3-1,Kasimpasa,2020-21
Tue Apr 27 2021,Hatayspor,3-1,1-0,Genclerbirligi,2020-21
Wed Apr 28 2021,Goztep,1-1,1-0,Trabzonspor,2020-21
Wed Apr 28 2021,Karagumruk,2-2,2-1,Antalyaspor,2020-21
Wed Apr 28 2021,Kayserispor,6-3,3-1,Denizlispor,2020-21
Wed Apr 28 2021,Galatasaray,1-0,0-0,Konyaspor,2020-21
Wed Apr 28 2021,Rizespor,2-3,0-1,Besiktas,2020-21
Thu Apr 29 2021,Erzurum BB,1-2,1-0,Buyuksehyr,2020-21
Thu Apr 29 2021,Sivasspor,1-0,0-0,Yeni Malatyaspor,2020-21
Thu Apr 29 2021,Alanyaspor,0-0,0-0,Fenerbahce,2020-21
Thu Apr 29 2021,Ankaragucu,0-1,0-0,Gaziantep,2020-21
Sat May 1 2021,Besiktas,7-0,5-0,Hatayspor,2020-21
Sun May 2 2021,Antalyaspor,2-3,1-1,Goztep,2020-21
Sun May 2 2021,Denizlispor,0-1,0-0,Rizespor,2020-21
Sun May 2 2021,Konyaspor,5-1,1-1,Karagumruk,2020-21
Sun May 2 2021,Genclerbirligi,0-2,0-1,Galatasaray,2020-21
Mon May 3 2021,Buyuksehyr,2-1,0-1,Ankaragucu,2020-21
Mon May 3 2021,Kasimpasa,3-0,2-0,Alanyaspor,2020-21
Mon May 3 2021,Yeni Malatyaspor,1-1,0-1,Kayserispor,2020-21
Mon May 3 2021,Fenerbahce,3-1,3-0,Erzurum BB,2020-21
Mon May 3 2021,Gaziantep,0-1,0-1,Sivasspor,2020-21
Sat May 8 2021,Ankaragucu,1-2,1-1,Fenerbahce,2020-21
Sat May 8 2021,Erzurum BB,0-1,0-0,Kasimpasa,2020-21
Sat May 8 2021,Galatasaray,3-1,2-1,Besiktas,2020-21
Sat May 8 2021,Goztep,0-1,0-0,Konyaspor,2020-21
Sat May 8 2021,Hatayspor,1-0,0-0,Denizlispor,2020-21
Sat May 8 2021,Karagumruk,5-1,2-0,Genclerbirligi,2020-21
Sat May 8 2021,Kayserispor,0-0,0-0,Gaziantep,2020-21
Sat May 8 2021,Rizespor,0-4,0-2,Yeni Malatyaspor,2020-21
Sat May 8 2021,Sivasspor,0-0,0-0,Buyuksehyr,2020-21
Sat May 8 2021,Trabzonspor,2-1,1-0,Antalyaspor,2020-21
Tue May 11 2021,Konyaspor,1-1,0-0,Trabzonspor,2020-21
Tue May 11 2021,Alanyaspor,2-3,2-1,Erzurum BB,2020-21
Tue May 11 2021,Besiktas,1-2,0-1,Karagumruk,2020-21
Tue May 11 2021,Buyuksehyr,0-0,0-0,Kayserispor,2020-21
Tue May 11 2021,Denizlispor,1-4,0-2,Galatasaray,2020-21
Tue May 11 2021,Fenerbahce,1-2,0-1,Sivasspor,2020-21
Tue May 11 2021,Gaziantep,4-5,0-3,Rizespor,2020-21
Tue May 11 2021,Genclerbirligi,5-3,1-2,Goztep,2020-21
Tue May 11 2021,Kasimpasa,3-1,2-0,Ankaragucu,2020-21
Tue May 11 2021,Yeni Malatyaspor,1-1,0-1,Hatayspor,2020-21
Sat May 15 2021,Ankaragucu,0-1,0-1,Alanyaspor,2020-21
Sat May 15 2021,Antalyaspor,0-0,0-0,Konyaspor,2020-21
Sat May 15 2021,Hatayspor,0-1,0-0,Gaziantep,2020-21
Sat May 15 2021,Karagumruk,5-1,2-1,Denizlispor,2020-21
Sat May 15 2021,Rizespor,0-2,0-2,Buyuksehyr,2020-21
Sat May 15 2021,Sivasspor,2-1,1-0,Kasimpasa,2020-21
Sat May 15 2021,Galatasaray,3-1,0-1,Yeni Malatyaspor,2020-21
Sat May 15 2021,Goztep,1-2,1-1,Besiktas,2020-21
Sat May 15 2021,Kayserispor,1-2,1-0,Fenerbahce,2020-21
Sat May 15 2021,Trabzonspor,2-1,1-0,Genclerbirligi,2020-21
Fri Aug 13 2021,Besiktas,3-0,1-0,Rizespor,2021-22
Sat Aug 14 2021,Karagumruk,3-2,2-1,Gaziantep,2021-22
Sat Aug 14 2021,Altay,3-0,2-0,Kayserispor,2021-22
Sat Aug 14 2021,Hatayspor,1-1,0-1,Kasimpasa,2021-22
Sun Aug 15 2021,Buyuksehyr,0-1,0-1,Alanyaspor,2021-22
Sun Aug 15 2021,Ad. Demirspor,0-1,0-0,Fenerbahce,2021-22
Sun Aug 15 2021,Antalyaspor,1-1,1-0,Goztep,2021-22
Mon Aug 16 2021,Sivasspor,0-1,0-0,Konyaspor,2021-22
Mon Aug 16 2021,Yeni Malatyaspor,1-5,1-4,Trabzonspor,2021-22
Mon Aug 16 2021,Giresunspor,0-2,0-2,Galatasaray,2021-22
Fri Aug 20 2021,Kayserispor,1-1,1-0,Ad. Demirspor,2021-22
Sat Aug 21 2021,Kasimpasa,2-0,1-0,Giresunspor,2021-22
Sat Aug 21 2021,Rizespor,0-0,0-0,Karagumruk,2021-22
Sat Aug 21 2021,Alanyaspor,1-4,0-2,Altay,2021-22
Sat Aug 21 2021,Gaziantep,0-0,0-0,Besiktas,2021-22
Sun Aug 22 2021,Konyaspor,2-1,0-1,Buyuksehyr,2021-22
Sun Aug 22 2021,Fenerbahce,2-0,0-0,Antalyaspor,2021-22
Sun Aug 22 2021,Goztep,0-1,0-0,Yeni Malatyaspor,2021-22
Mon Aug 23 2021,Trabzonspor,2-1,1-0,Sivasspor,2021-22
Mon Aug 23 2021,Galatasaray,2-1,1-1,Hatayspor,2021-22
Fri Aug 27 2021,Antalyaspor,3-2,1-0,Rizespor,2021-22
Fri Aug 27 2021,Ad. Demirspor,1-1,0-0,Konyaspor,2021-22
Sat Aug 28 2021,Buyuksehyr,0-1,0-1,Kayserispor,2021-22
Sat Aug 28 2021,Yeni Malatyaspor,2-0,1-0,Gaziantep,2021-22
Sat Aug 28 2021,Besiktas,1-0,1-0,Karagumruk,2021-22
Sat Aug 28 2021,Hatayspor,5-0,3-0,Alanyaspor,2021-22
Sun Aug 29 2021,Kasimpasa,2-2,1-2,Galatasaray,2021-22
Sun Aug 29 2021,Sivasspor,2-2,1-0,Goztep,2021-22
Sun Aug 29 2021,Altay,0-2,0-0,Fenerbahce,2021-22
Sun Aug 29 2021,Giresunspor,0-1,0-1,Trabzonspor,2021-22
Sat Sep 11 2021,Karagumruk,4-0,2-0,Ad. Demirspor,2021-22
Sat Sep 11 2021,Konyaspor,3-1,2-0,Altay,2021-22
Sat Sep 11 2021,Besiktas,3-0,2-0,Yeni Malatyaspor,2021-22
Sat Sep 11 2021,Kayserispor,2-0,1-0,Kasimpasa,2021-22
Sun Sep 12 2021,Fenerbahce,1-1,1-1,Sivasspor,2021-22
Sun Sep 12 2021,Rizespor,0-2,0-0,Hatayspor,2021-22
Sun Sep 12 2021,Goztep,2-1,0-1,Buyuksehyr,2021-22
Sun Sep 12 2021,Trabzonspor,2-2,1-2,Galatasaray,2021-22
Mon Sep 13 2021,Alanyaspor,1-0,1-0,Giresunspor,2021-22
Mon Sep 13 2021,Gaziantep,2-0,0-0,Antalyaspor,2021-22
Fri Sep 17 2021,Altay,2-1,0-1,Goztep,2021-22
Fri Sep 17 2021,Yeni Malatyaspor,3-4,3-2,Karagumruk,2021-22
Sat Sep 18 2021,Sivasspor,1-1,1-0,Gaziantep,2021-22
Sat Sep 18 2021,Kasimpasa,0-1,0-0,Trabzonspor,2021-22
Sat Sep 18 2021,Ad. Demirspor,3-1,2-0,Rizespor,2021-22
Sat Sep 18 2021,Antalyaspor,2-3,2-0,Besiktas,2021-22
Sun Sep 19 2021,Giresunspor,0-0,0-0,Konyaspor,2021-22
Sun Sep 19 2021,Galatasaray,0-1,0-0,Alanyaspor,2021-22
Sun Sep 19 2021,Buyuksehyr,2-0,1-0,Fenerbahce,2021-22
Sun Sep 19 2021,Hatayspor,2-1,0-1,Kayserispor,2021-22
Tue Sep 21 2021,Karagumruk,0-0,0-0,Antalyaspor,2021-22
Tue Sep 21 2021,Rizespor,1-2,0-1,Altay,2021-22
Tue Sep 21 2021,Besiktas,3-3,2-0,Ad. Demirspor,2021-22
Tue Sep 21 2021,Yeni Malatyaspor,0-1,0-0,Sivasspor,2021-22
Wed Sep 22 2021,Gaziantep,1-0,1-0,Buyuksehyr,2021-22
Wed Sep 22 2021,Goztep,0-2,0-1,Hatayspor,2021-22
Wed Sep 22 2021,Kayserispor,3-0,2-0,Galatasaray,2021-22
Thu Sep 23 2021,Konyaspor,2-2,1-1,Trabzonspor,2021-22
Thu Sep 23 2021,Alanyaspor,2-0,0-0,Kasimpasa,2021-22
Thu Sep 23 2021,Fenerbahce,2-1,1-0,Giresunspor,2021-22
Fri Sep 24 2021,Altay,2-1,0-0,Besiktas,2021-22
Sat Sep 25 2021,Sivasspor,4-0,1-0,Karagumruk,2021-22
Sat Sep 25 2021,Antalyaspor,1-0,0-0,Yeni Malatyaspor,2021-22
Sat Sep 25 2021,Ad. Demirspor,4-0,1-0,Gaziantep,2021-22
Sun Sep 26 2021,Giresunspor,1-1,1-1,Kayserispor,2021-22
Sun Sep 26 2021,Buyuksehyr,3-0,1-0,Rizespor,2021-22
Sun Sep 26 2021,Hatayspor,1-2,0-2,Fenerbahce,2021-22
Sun Sep 26 2021,Galatasaray,2-1,0-1,Goztep,2021-22
Mon Sep 27 2021,Kasimpasa,2-2,1-2,Konyaspor,2021-22
Mon Sep 27 2021,Trabzonspor,1-1,1-1,Alanyaspor,2021-22
Fri Oct 1 2021,Antalyaspor,1-2,0-1,Ad. Demirspor,2021-22
Fri Oct 1 2021,Karagumruk,3-1,3-0,Buyuksehyr,2021-22
Sat Oct 2 2021,Konyaspor,1-1,0-0,Alanyaspor,2021-22
Sat Oct 2 2021,Goztep,0-1,0-0,Giresunspor,2021-22
Sat Oct 2 2021,Kayserispor,1-2,1-1,Trabzonspor,2021-22
Sat Oct 2 2021,Besiktas,2-1,1-0,Sivasspor,2021-22
Sun Oct 3 2021,Yeni Malatyaspor,0-2,0-1,Hatayspor,2021-22
Sun Oct 3 2021,Fenerbahce,2-1,2-0,Kasimpasa,2021-22
Sun Oct 3 2021,Gaziantep,4-1,0-0,Altay,2021-22
Sun Oct 3 2021,Rizespor,2-3,2-1,Galatasaray,2021-22
Fri Oct 15 2021,Buyuksehyr,3-2,1-0,Besiktas,2021-22
Sat Oct 16 2021,Giresunspor,2-0,0-0,Rizespor,2021-22
Sat Oct 16 2021,Sivasspor,2-2,2-2,Antalyaspor,2021-22
Sat Oct 16 2021,Ad. Demirspor,0-2,0-1,Yeni Malatyaspor,2021-22
Sun Oct 17 2021,Kasimpasa,1-2,0-0,Goztep,2021-22
Sun Oct 17 2021,Altay,0-1,0-1,Karagumruk,2021-22
Sun Oct 17 2021,Galatasaray,1-0,1-0,Konyaspor,2021-22
Sun Oct 17 2021,Trabzonspor,3-1,1-1,Fenerbahce,2021-22
Mon Oct 18 2021,Alanyaspor,6-3,3-2,Kayserispor,2021-22
Mon Oct 18 2021,Hatayspor,2-1,0-0,Gaziantep,2021-22
Fri Oct 22 2021,Yeni Malatyaspor,2-1,0-0,Altay,2021-22
Sat Oct 23 2021,Rizespor,2-1,1-0,Kasimpasa,2021-22
Sat Oct 23 2021,Gaziantep,1-1,0-0,Giresunspor,2021-22
Sat Oct 23 2021,Konyaspor,2-0,2-0,Kayserispor,2021-22
Sat Oct 23 2021,Goztep,0-1,0-0,Trabzonspor,2021-22
Sun Oct 24 2021,Karagumruk,1-1,1-1,Hatayspor,2021-22
Sun Oct 24 2021,Antalyaspor,1-2,0-1,Buyuksehyr,2021-22
Sun Oct 24 2021,Sivasspor,1-1,1-0,Ad. Demirspor,2021-22
Sun Oct 24 2021,Fenerbahce,1-2,0-0,Alanyaspor,2021-22
Mon Oct 25 2021,Besiktas,2-1,1-1,Galatasaray,2021-22
Fri Oct 29 2021,Trabzonspor,2-1,1-1,Rizespor,2021-22
Sat Oct 30 2021,Kasimpasa,2-0,0-0,Yeni Malatyaspor,2021-22
Sat Oct 30 2021,Altay,1-1,1-1,Sivasspor,2021-22
Sat Oct 30 2021,Hatayspor,1-0,1-0,Besiktas,2021-22
Sat Oct 30 2021,Konyaspor,2-1,2-0,Fenerbahce,2021-22
Sun Oct 31 2021,Kayserispor,2-1,0-1,Karagumruk,2021-22
Sun Oct 31 2021,Alanyaspor,2-2,1-0,Goztep,2021-22
Sun Oct 31 2021,Galatasaray,2-0,1-0,Gaziantep,2021-22
Mon Nov 1 2021,Buyuksehyr,2-1,0-0,Ad. Demirspor,2021-22
Mon Nov 1 2021,Giresunspor,1-2,0-1,Antalyaspor,2021-22
Fri Nov 5 2021,Gaziantep,2-0,1-0,Kasimpasa,2021-22
Fri Nov 5 2021,Rizespor,2-0,1-0,Alanyaspor,2021-22
Sat Nov 6 2021,Sivasspor,0-0,0-0,Giresunspor,2021-22
Sat Nov 6 2021,Antalyaspor,1-0,0-0,Altay,2021-22
Sat Nov 6 2021,Yeni Malatyaspor,1-3,0-1,Buyuksehyr,2021-22
Sat Nov 6 2021,Besiktas,1-2,0-1,Trabzonspor,2021-22
Sun Nov 7 2021,Goztep,0-2,0-1,Konyaspor,2021-22
Sun Nov 7 2021,Ad. Demirspor,1-0,0-0,Hatayspor,2021-22
Sun Nov 7 2021,Karagumruk,1-1,0-0,Galatasaray,2021-22
Sun Nov 7 2021,Fenerbahce,2-2,0-1,Kayserispor,2021-22
Sat Nov 20 2021,Hatayspor,3-1,1-1,Antalyaspor,2021-22
Sat Nov 20 2021,Buyuksehyr,2-1,2-0,Sivasspor,2021-22
Sat Nov 20 2021,Giresunspor,1-0,0-0,Yeni Malatyaspor,2021-22
Sat Nov 20 2021,Alanyaspor,2-0,1-0,Besiktas,2021-22
Sun Nov 21 2021,Kasimpasa,1-3,1-3,Karagumruk,2021-22
Sun Nov 21 2021,Altay,1-3,0-1,Ad. Demirspor,2021-22
Sun Nov 21 2021,Konyaspor,3-0,1-0,Rizespor,2021-22
Sun Nov 21 2021,Galatasaray,1-2,1-1,Fenerbahce,2021-22
Mon Nov 22 2021,Kayserispor,1-1,1-0,Goztep,2021-22
Mon Nov 22 2021,Trabzonspor,3-0,3-0,Gaziantep,2021-22
Fri Nov 26 2021,Ad. Demirspor,0-0,0-0,Kasimpasa,2021-22
Fri Nov 26 2021,Buyuksehyr,0-0,0-0,Altay,2021-22
Sat Nov 27 2021,Antalyaspor,3-0,1-0,Alanyaspor,2021-22
Sat Nov 27 2021,Rizespor,1-0,0-0,Kayserispor,2021-22
Sat Nov 27 2021,Besiktas,0-4,0-1,Giresunspor,2021-22
Sun Nov 28 2021,Gaziantep,3-2,1-1,Konyaspor,2021-22
Sun Nov 28 2021,Karagumruk,0-2,0-1,Trabzonspor,2021-22
Sun Nov 28 2021,Sivasspor,4-0,2-0,Hatayspor,2021-22
Sun Nov 28 2021,Yeni Malatyaspor,0-0,0-0,Galatasaray,2021-22
Mon Nov 29 2021,Goztep,1-1,1-0,Fenerbahce,2021-22
Fri Dec 3 2021,Kasimpasa,1-1,0-1,Besiktas,2021-22
Sat Dec 4 2021,Alanyaspor,0-1,0-0,Sivasspor,2021-22
Sat Dec 4 2021,Trabzonspor,2-0,1-0,Ad. Demirspor,2021-22
Sat Dec 4 2021,Galatasaray,2-2,1-1,Altay,2021-22
Sun Dec 5 2021,Kayserispor,2-0,2-0,Antalyaspor,2021-22
Sun Dec 5 2021,Giresunspor,3-1,0-1,Karagumruk,2021-22
Sun Dec 5 2021,Hatayspor,0-3,0-3,Buyuksehyr,2021-22
Sun Dec 5 2021,Fenerbahce,4-0,1-0,Rizespor,2021-22
Mon Dec 6 2021,Goztep,2-1,2-0,Gaziantep,2021-22
Mon Dec 6 2021,Konyaspor,0-0,0-0,Yeni Malatyaspor,2021-22
Fri Dec 10 2021,Altay,1-2,1-1,Hatayspor,2021-22
Sat Dec 11 2021,Karagumruk,1-4,1-1,Konyaspor,2021-22
Sat Dec 11 2021,Buyuksehyr,2-1,0-0,Kasimpasa,2021-22
Sat Dec 11 2021,Rizespor,3-1,1-0,Goztep,2021-22
Sat Dec 11 2021,Antalyaspor,2-1,1-1,Trabzonspor,2021-22
Sun Dec 12 2021,Ad. Demirspor,1-0,0-0,Giresunspor,2021-22
Sun Dec 12 2021,Yeni Malatyaspor,2-6,2-3,Alanyaspor,2021-22
Sun Dec 12 2021,Besiktas,4-2,1-1,Kayserispor,2021-22
Mon Dec 13 2021,Sivasspor,1-0,0-0,Galatasaray,2021-22
Mon Dec 13 2021,Gaziantep,3-2,1-1,Fenerbahce,2021-22
Fri Dec 17 2021,Giresunspor,3-1,1-0,Altay,2021-22
Sat Dec 18 2021,Kasimpasa,1-3,1-0,Sivasspor,2021-22
Sat Dec 18 2021,Konyaspor,1-0,0-0,Antalyaspor,2021-22
Sat Dec 18 2021,Trabzonspor,2-0,2-0,Hatayspor,2021-22
Sat Dec 18 2021,Alanyaspor,1-3,1-2,Ad. Demirspor,2021-22
Sat Dec 18 2021,Galatasaray,1-1,0-1,Buyuksehyr,2021-22
Sun Dec 19 2021,Rizespor,1-0,0-0,Yeni Malatyaspor,2021-22
Sun Dec 19 2021,Goztep,0-1,0-0,Karagumruk,2021-22
Sun Dec 19 2021,Kayserispor,0-0,0-0,Gaziantep,2021-22
Sun Dec 19 2021,Fenerbahce,2-2,2-1,Besiktas,2021-22
Tue Dec 21 2021,Antalyaspor,1-1,1-0,Kasimpasa,2021-22
Tue Dec 21 2021,Buyuksehyr,3-1,1-1,Giresunspor,2021-22
Tue Dec 21 2021,Ad. Demirspor,2-0,0-0,Galatasaray,2021-22
Tue Dec 21 2021,Altay,1-2,1-0,Trabzonspor,2021-22
Wed Dec 22 2021,Hatayspor,1-3,1-1,Konyaspor,2021-22
Wed Dec 22 2021,Sivasspor,1-1,0-0,Rizespor,2021-22
Wed Dec 22 2021,Gaziantep,2-1,0-0,Alanyaspor,2021-22
Wed Dec 22 2021,Karagumruk,1-1,1-1,Fenerbahce,2021-22
Thu Dec 23 2021,Yeni Malatyaspor,2-2,2-0,Kayserispor,2021-22
Thu Dec 23 2021,Besiktas,2-1,1-1,Goztep,2021-22
Sat Dec 25 2021,Kasimpasa,2-0,1-0,Altay,2021-22
Sat Dec 25 2021,Galatasaray,2-0,1-0,Antalyaspor,2021-22
Sat Dec 25 2021,Giresunspor,0-1,0-0,Hatayspor,2021-22
Sat Dec 25 2021,Trabzonspor,0-0,0-0,Buyuksehyr,2021-22
Sun Dec 26 2021,Rizespor,0-1,0-1,Gaziantep,2021-22
Sun Dec 26 2021,Alanyaspor,1-1,0-0,Karagumruk,2021-22
Sun Dec 26 2021,Goztep,1-1,0-1,Ad. Demirspor,2021-22
Sun Dec 26 2021,Fenerbahce,2-0,1-0,Yeni Malatyaspor,2021-22
Mon Dec 27 2021,Kayserispor,3-0,3-0,Sivasspor,2021-22
Mon Dec 27 2021,Konyaspor,1-0,0-0,Besiktas,2021-22
Fri Jan 7 2022,Trabzonspor,1-0,1-0,Yeni Malatyaspor,2021-22
Sat Jan 8 2022,Gaziantep,3-1,2-0,Karagumruk,2021-22
Sat Jan 8 2022,Alanyaspor,1-1,1-1,Buyuksehyr,2021-22
Sat Jan 8 2022,Kasimpasa,3-1,2-0,Hatayspor,2021-22
Sat Jan 8 2022,Galatasaray,0-1,0-1,Giresunspor,2021-22
Sun Jan 9 2022,Konyaspor,0-1,0-0,Sivasspor,2021-22
Sun Jan 9 2022,Goztep,4-0,1-0,Antalyaspor,2021-22
Sun Jan 9 2022,Kayserispor,1-0,1-0,Altay,2021-22
Sun Jan 9 2022,Rizespor,2-2,0-1,Besiktas,2021-22
Mon Jan 10 2022,Fenerbahce,1-2,1-1,Ad. Demirspor,2021-22
Fri Jan 14 2022,Besiktas,1-0,0-0,Gaziantep,2021-22
Fri Jan 14 2022,Yeni Malatyaspor,1-2,1-1,Goztep,2021-22
Sat Jan 15 2022,Ad. Demirspor,1-1,1-0,Kayserispor,2021-22
Sat Jan 15 2022,Karagumruk,2-0,1-0,Rizespor,2021-22
Sat Jan 15 2022,Sivasspor,1-1,1-1,Trabzonspor,2021-22
Sat Jan 15 2022,Antalyaspor,1-1,0-0,Fenerbahce,2021-22
Sun Jan 16 2022,Altay,0-2,0-1,Alanyaspor,2021-22
Sun Jan 16 2022,Giresunspor,0-2,0-1,Kasimpasa,2021-22
Sun Jan 16 2022,Hatayspor,4-2,1-2,Galatasaray,2021-22
Tue Jan 18 2022,Karagumruk,0-1,0-1,Besiktas,2021-22
Tue Jan 18 2022,Konyaspor,1-0,0-0,Ad. Demirspor,2021-22
Wed Jan 19 2022,Goztep,2-1,1-0,Sivasspor,2021-22
Wed Jan 19 2022,Kayserispor,1-0,0-0,Buyuksehyr,2021-22
Wed Jan 19 2022,Fenerbahce,2-1,1-1,Altay,2021-22
Wed Jan 19 2022,Trabzonspor,1-1,0-0,Giresunspor,2021-22
Thu Jan 20 2022,Alanyaspor,6-0,2-0,Hatayspor,2021-22
Thu Jan 20 2022,Rizespor,2-1,1-1,Antalyaspor,2021-22
Thu Jan 20 2022,Galatasaray,1-3,1-1,Kasimpasa,2021-22
Sat Jan 22 2022,Yeni Malatyaspor,1-1,0-0,Besiktas,2021-22
Sat Jan 22 2022,Ad. Demirspor,5-0,1-0,Karagumruk,2021-22
Sat Jan 22 2022,Sivasspor,1-1,0-1,Fenerbahce,2021-22
Sat Jan 22 2022,Buyuksehyr,1-2,0-1,Goztep,2021-22
Sun Jan 23 2022,Hatayspor,0-0,0-0,Rizespor,2021-22
Sun Jan 23 2022,Kasimpasa,3-1,2-1,Kayserispor,2021-22
Sun Jan 23 2022,Altay,0-1,0-0,Konyaspor,2021-22
Sun Jan 23 2022,Antalyaspor,0-0,0-0,Gaziantep,2021-22
Sun Jan 23 2022,Giresunspor,1-3,1-2,Alanyaspor,2021-22
Sun Jan 23 2022,Galatasaray,1-2,1-0,Trabzonspor,2021-22
Fri Feb 4 2022,Kayserispor,4-3,1-0,Hatayspor,2021-22
Fri Feb 4 2022,Konyaspor,1-0,0-0,Giresunspor,2021-22
Sat Feb 5 2022,Gaziantep,5-1,3-1,Sivasspor,2021-22
Sat Feb 5 2022,Karagumruk,1-0,0-0,Yeni Malatyaspor,2021-22
Sat Feb 5 2022,Trabzonspor,1-0,1-0,Kasimpasa,2021-22
Sat Feb 5 2022,Fenerbahce,0-1,0-0,Buyuksehyr,2021-22
Sun Feb 6 2022,Alanyaspor,1-1,1-1,Galatasaray,2021-22
Sun Feb 6 2022,Rizespor,1-3,0-2,Ad. Demirspor,2021-22
Sun Feb 6 2022,Besiktas,0-0,0-0,Antalyaspor,2021-22
Sun Feb 6 2022,Goztep,0-2,0-1,Altay,2021-22
Fri Feb 11 2022,Altay,0-0,0-0,Rizespor,2021-22
Sat Feb 12 2022,Buyuksehyr,2-0,1-0,Gaziantep,2021-22
Sat Feb 12 2022,Giresunspor,1-2,1-1,Fenerbahce,2021-22
Sat Feb 12 2022,Galatasaray,1-1,0-0,Kayserispor,2021-22
Sun Feb 13 2022,Sivasspor,2-1,0-1,Yeni Malatyaspor,2021-22
Sun Feb 13 2022,Antalyaspor,3-0,2-0,Karagumruk,2021-22
Sun Feb 13 2022,Kasimpasa,2-2,0-1,Alanyaspor,2021-22
Sun Feb 13 2022,Trabzonspor,2-1,1-0,Konyaspor,2021-22
Mon Feb 14 2022,Ad. Demirspor,1-1,0-1,Besiktas,2021-22
Mon Feb 14 2022,Hatayspor,2-1,2-0,Goztep,2021-22
Fri Feb 18 2022,Konyaspor,4-4,2-1,Kasimpasa,2021-22
Fri Feb 18 2022,Rizespor,0-2,0-1,Buyuksehyr,2021-22
Sat Feb 19 2022,Yeni Malatyaspor,1-2,0-1,Antalyaspor,2021-22
Sat Feb 19 2022,Kayserispor,2-1,2-0,Giresunspor,2021-22
Sat Feb 19 2022,Besiktas,1-0,0-0,Altay,2021-22
Sun Feb 20 2022,Gaziantep,0-3,0-1,Ad. Demirspor,2021-22
Sun Feb 20 2022,Alanyaspor,0-4,0-4,Trabzonspor,2021-22
Sun Feb 20 2022,Karagumruk,1-0,0-0,Sivasspor,2021-22
Sun Feb 20 2022,Fenerbahce,2-0,0-0,Hatayspor,2021-22
Mon Feb 21 2022,Goztep,2-3,1-1,Galatasaray,2021-22
Wed Feb 23 2022,Gaziantep,0-0,0-0,Yeni Malatyaspor,2021-22
Tue Feb 22 2022,Buyuksehyr,2-1,0-1,Konyaspor,2021-22
Fri Feb 25 2022,Ad. Demirspor,0-0,0-0,Antalyaspor,2021-22
Fri Feb 25 2022,Trabzonspor,3-2,0-2,Kayserispor,2021-22
Sat Feb 26 2022,Buyuksehyr,1-2,1-2,Karagumruk,2021-22
Sat Feb 26 2022,Sivasspor,2-3,1-2,Besiktas,2021-22
Sun Feb 27 2022,Altay,3-2,2-2,Gaziantep,2021-22
Sun Feb 27 2022,Giresunspor,3-1,1-0,Goztep,2021-22
Sun Feb 27 2022,Alanyaspor,5-1,4-1,Konyaspor,2021-22
Sun Feb 27 2022,Hatayspor,5-2,3-0,Yeni Malatyaspor,2021-22
Sun Feb 27 2022,Galatasaray,4-2,1-1,Rizespor,2021-22
Mon Feb 28 2022,Kasimpasa,1-2,0-1,Fenerbahce,2021-22
Fri Mar 4 2022,Yeni Malatyaspor,1-0,0-0,Ad. Demirspor,2021-22
Sat Mar 5 2022,Goztep,2-3,1-1,Kasimpasa,2021-22
Sat Mar 5 2022,Rizespor,1-2,1-1,Giresunspor,2021-22
Sat Mar 5 2022,Konyaspor,2-0,2-0,Galatasaray,2021-22
Sun Mar 6 2022,Karagumruk,0-0,0-0,Altay,2021-22
Sun Mar 6 2022,Antalyaspor,1-0,1-0,Sivasspor,2021-22
Sun Mar 6 2022,Fenerbahce,1-1,0-1,Trabzonspor,2021-22
Mon Mar 7 2022,Besiktas,2-2,1-2,Buyuksehyr,2021-22
Mon Mar 7 2022,Gaziantep,2-2,1-2,Hatayspor,2021-22
Mon Mar 7 2022,Kayserispor,1-2,1-1,Alanyaspor,2021-22
Sat Mar 12 2022,Hatayspor,3-0,2-0,Karagumruk,2021-22
Sat Mar 12 2022,Altay,1-0,1-0,Yeni Malatyaspor,2021-22
Sat Mar 12 2022,Kasimpasa,3-1,1-0,Rizespor,2021-22
Sat Mar 12 2022,Trabzonspor,4-2,2-2,Goztep,2021-22
Sun Mar 13 2022,Kayserispor,2-3,2-1,Konyaspor,2021-22
Sun Mar 13 2022,Ad. Demirspor,2-3,0-1,Sivasspor,2021-22
Sun Mar 13 2022,Alanyaspor,2-5,0-1,Fenerbahce,2021-22
Mon Mar 14 2022,Buyuksehyr,0-1,0-1,Antalyaspor,2021-22
Mon Mar 14 2022,Galatasaray,2-1,2-0,Besiktas,2021-22
Mon Mar 14 2022,Giresunspor,2-1,1-1,Gaziantep,2021-22
Fri Mar 18 2022,Karagumruk,3-0,2-0,Kayserispor,2021-22
Fri Mar 18 2022,Rizespor,3-2,0-0,Trabzonspor,2021-22
Sat Mar 19 2022,Yeni Malatyaspor,0-2,0-0,Kasimpasa,2021-22
Sat Mar 19 2022,Ad. Demirspor,2-1,1-0,Buyuksehyr,2021-22
Sat Mar 19 2022,Goztep,0-2,0-0,Alanyaspor,2021-22
Sat Mar 19 2022,Besiktas,1-1,1-1,Hatayspor,2021-22
Sun Mar 20 2022,Antalyaspor,4-1,1-0,Giresunspor,2021-22
Sun Mar 20 2022,Sivasspor,2-1,0-0,Altay,2021-22
Sun Mar 20 2022,Gaziantep,3-1,1-1,Galatasaray,2021-22
Sun Mar 20 2022,Fenerbahce,2-1,0-1,Konyaspor,2021-22
Sat Apr 2 2022,Giresunspor,2-2,0-2,Sivasspor,2021-22
Sat Apr 2 2022,Altay,1-2,0-1,Antalyaspor,2021-22
Sat Apr 2 2022,Kayserispor,0-4,0-2,Fenerbahce,2021-22
Sat Apr 2 2022,Galatasaray,2-0,2-0,Karagumruk,2021-22
Sun Apr 3 2022,Kasimpasa,2-1,1-1,Gaziantep,2021-22
Sun Apr 3 2022,Alanyaspor,2-1,1-0,Rizespor,2021-22
Sun Apr 3 2022,Konyaspor,3-0,2-0,Goztep,2021-22
Sun Apr 3 2022,Trabzonspor,1-1,0-0,Besiktas,2021-22
Mon Apr 4 2022,Buyuksehyr,1-0,1-0,Yeni Malatyaspor,2021-22
Mon Apr 4 2022,Hatayspor,0-0,0-0,Ad. Demirspor,2021-22
Sat Apr 9 2022,Karagumruk,3-2,2-0,Kasimpasa,2021-22
Sat Apr 9 2022,Goztep,1-2,1-2,Kayserispor,2021-22
Sat Apr 9 2022,Rizespor,2-1,1-1,Konyaspor,2021-22
Sat Apr 9 2022,Besiktas,4-1,3-1,Alanyaspor,2021-22
Sat Apr 9 2022,Gaziantep,0-0,0-0,Trabzonspor,2021-22
Sun Apr 10 2022,Yeni Malatyaspor,0-1,0-1,Giresunspor,2021-22
Sun Apr 10 2022,Ad. Demirspor,3-1,2-0,Altay,2021-22
Sun Apr 10 2022,Sivasspor,0-2,0-1,Buyuksehyr,2021-22
Sun Apr 10 2022,Fenerbahce,2-0,1-0,Galatasaray,2021-22
Mon Apr 11 2022,Antalyaspor,4-1,3-1,Hatayspor,2021-22
Fri Apr 15 2022,Kayserispor,1-1,0-0,Rizespor,2021-22
Fri Apr 15 2022,Trabzonspor,1-1,0-1,Karagumruk,2021-22
Sat Apr 16 2022,Hatayspor,1-1,0-1,Sivasspor,2021-22
Sat Apr 16 2022,Alanyaspor,1-3,0-2,Antalyaspor,2021-22
Sat Apr 16 2022,Altay,1-1,0-1,Buyuksehyr,2021-22
Sat Apr 16 2022,Fenerbahce,2-0,1-0,Goztep,2021-22
Sun Apr 17 2022,Konyaspor,4-1,2-0,Gaziantep,2021-22
Sun Apr 17 2022,Kasimpasa,4-0,2-0,Ad. Demirspor,2021-22
Sun Apr 17 2022,Giresunspor,0-0,0-0,Besiktas,2021-22
Mon Apr 18 2022,Galatasaray,2-0,0-0,Yeni Malatyaspor,2021-22
Fri Apr 22 2022,Rizespor,0-6,0-3,Fenerbahce,2021-22
Sat Apr 23 2022,Gaziantep,1-1,0-0,Goztep,2021-22
Sat Apr 23 2022,Karagumruk,2-1,0-0,Giresunspor,2021-22
Sat Apr 23 2022,Ad. Demirspor,1-3,0-2,Trabzonspor,2021-22
Sun Apr 24 2022,Buyuksehyr,3-0,0-0,Hatayspor,2021-22
Sun Apr 24 2022,Yeni Malatyaspor,2-3,0-2,Konyaspor,2021-22
Sun Apr 24 2022,Altay,0-1,0-1,Galatasaray,2021-22
Sun Apr 24 2022,Antalyaspor,1-1,0-0,Kayserispor,2021-22
Mon Apr 25 2022,Besiktas,0-3,0-2,Kasimpasa,2021-22
Mon Apr 25 2022,Sivasspor,1-0,0-0,Alanyaspor,2021-22
Fri Apr 29 2022,Fenerbahce,3-2,1-0,Gaziantep,2021-22
Fri Apr 29 2022,Giresunspor,2-0,1-0,Ad. Demirspor,2021-22
Sat Apr 30 2022,Kasimpasa,2-3,1-2,Buyuksehyr,2021-22
Sat Apr 30 2022,Konyaspor,1-2,1-0,Karagumruk,2021-22
Sat Apr 30 2022,Hatayspor,0-1,0-1,Altay,2021-22
Sat Apr 30 2022,Trabzonspor,2-2,1-0,Antalyaspor,2021-22
Sun May 1 2022,Alanyaspor,2-1,0-1,Yeni Malatyaspor,2021-22
Sun May 1 2022,Kayserispor,2-3,1-0,Besiktas,2021-22
Sun May 1 2022,Galatasaray,2-3,1-1,Sivasspor,2021-22
Sun May 1 2022,Goztep,1-7,1-3,Rizespor,2021-22
Fri May 6 2022,Gaziantep,1-1,1-1,Kayserispor,2021-22
Fri May 6 2022,Hatayspor,1-1,0-0,Trabzonspor,2021-22
Sat May 7 2022,Karagumruk,3-1,1-0,Goztep,2021-22
Sat May 7 2022,Sivasspor,1-3,0-0,Kasimpasa,2021-22
Sat May 7 2022,Ad. Demirspor,1-2,1-1,Alanyaspor,2021-22
Sat May 7 2022,Buyuksehyr,0-0,0-0,Galatasaray,2021-22
Sun May 8 2022,Altay,1-1,0-1,Giresunspor,2021-22
Sun May 8 2022,Yeni Malatyaspor,1-3,1-2,Rizespor,2021-22
Sun May 8 2022,Besiktas,1-1,1-1,Fenerbahce,2021-22
Mon May 9 2022,Antalyaspor,3-2,2-2,Konyaspor,2021-22
Sat May 14 2022,Kayserispor,3-0,2-0,Yeni Malatyaspor,2021-22
Sun May 15 2022,Goztep,0-2,0-2,Besiktas,2021-22
Sun May 15 2022,Trabzonspor,2-1,1-0,Altay,2021-22
Sun May 15 2022,Alanyaspor,3-0,0-0,Gaziantep,2021-22
Sun May 15 2022,Fenerbahce,0-0,0-0,Karagumruk,2021-22
Sun May 15 2022,Giresunspor,1-1,0-1,Buyuksehyr,2021-22
Sun May 15 2022,Kasimpasa,2-4,1-1,Antalyaspor,2021-22
Sun May 15 2022,Konyaspor,3-1,1-1,Hatayspor,2021-22
Mon May 16 2022,Galatasaray,3-2,1-1,Ad. Demirspor,2021-22
Mon May 16 2022,Rizespor,1-2,1-1,Sivasspor,2021-22
Fri May 20 2022,Antalyaspor,1-1,1-0,Galatasaray,2021-22
Fri May 20 2022,Gaziantep,2-0,1-0,Rizespor,2021-22
Sat May 21 2022,Altay,2-4,1-2,Kasimpasa,2021-22
Sat May 21 2022,Sivasspor,2-1,1-0,Kayserispor,2021-22
Sat May 21 2022,Besiktas,1-1,0-1,Konyaspor,2021-22
Sat May 21 2022,Yeni Malatyaspor,0-5,0-1,Fenerbahce,2021-22
Sun May 22 2022,Buyuksehyr,3-1,3-0,Trabzonspor,2021-22
Sun May 22 2022,Karagumruk,0-1,0-1,Alanyaspor,2021-22
Sun May 22 2022,Ad. Demirspor,7-0,5-0,Goztep,2021-22
Sun May 22 2022,Hatayspor,4-1,1-1,Giresunspor,2021-22
Fri Aug 5 2022,Istanbulspor,0-2,0-1,Trabzonspor,2022-23
Sat Aug 6 2022,Sivasspor,1-1,0-1,Gaziantep,2022-23
Sat Aug 6 2022,Besiktas,1-0,0-0,Kayserispor,2022-23
Sun Aug 7 2022,Giresunspor,2-3,0-2,Ad. Demirspor,2022-23
Sun Aug 7 2022,Karagumruk,2-4,0-2,Alanyaspor,2022-23
Sun Aug 7 2022,Antalyaspor,0-1,0-0,Galatasaray,2022-23
Mon Aug 8 2022,Buyuksehyr,4-0,2-0,Kasimpasa,2022-23
Mon Aug 8 2022,Ankaragucu,0-0,0-0,Konyaspor,2022-23
Mon Aug 8 2022,Fenerbahce,3-3,2-1,Umraniyespor,2022-23
Fri Aug 12 2022,Trabzonspor,1-0,0-0,Hatayspor,2022-23
Sat Aug 13 2022,Kayserispor,1-0,1-0,Istanbulspor,2022-23
Sat Aug 13 2022,Ad. Demirspor,3-0,1-0,Sivasspor,2022-23
Sat Aug 13 2022,Galatasaray,0-1,0-0,Giresunspor,2022-23
Sun Aug 14 2022,Gaziantep,1-0,0-0,Ankaragucu,2022-23
Sun Aug 14 2022,Umraniyespor,0-1,0-0,Antalyaspor,2022-23
Sun Aug 14 2022,Alanyaspor,3-3,1-3,Besiktas,2022-23
Mon Aug 15 2022,Konyaspor,0-0,0-0,Buyuksehyr,2022-23
Mon Aug 15 2022,Kasimpasa,0-6,0-3,Fenerbahce,2022-23
Fri Aug 19 2022,Umraniyespor,0-1,0-0,Galatasaray,2022-23
Sat Aug 20 2022,Giresunspor,1-0,0-0,Kasimpasa,2022-23
Sat Aug 20 2022,Hatayspor,1-2,1-1,Gaziantep,2022-23
Sat Aug 20 2022,Antalyaspor,5-2,2-1,Trabzonspor,2022-23
Sun Aug 21 2022,Buyuksehyr,2-0,1-0,Kayserispor,2022-23
Sun Aug 21 2022,Besiktas,4-1,2-0,Karagumruk,2022-23
Mon Aug 22 2022,Istanbulspor,0-4,0-2,Konyaspor,2022-23
Mon Aug 22 2022,Sivasspor,1-1,1-0,Alanyaspor,2022-23
Mon Aug 22 2022,Fenerbahce,4-2,2-0,Ad. Demirspor,2022-23
Fri Aug 26 2022,Gaziantep,5-2,1-2,Antalyaspor,2022-23
Sat Aug 27 2022,Karagumruk,4-1,2-0,Ankaragucu,2022-23
Sat Aug 27 2022,Ad. Demirspor,1-0,1-0,Umraniyespor,2022-23
Sat Aug 27 2022,Alanyaspor,0-1,0-0,Istanbulspor,2022-23
Sun Aug 28 2022,Kasimpasa,1-0,1-0,Hatayspor,2022-23
Sun Aug 28 2022,Kayserispor,3-0,1-0,Giresunspor,2022-23
Sun Aug 28 2022,Trabzonspor,0-0,0-0,Galatasaray,2022-23
Mon Aug 29 2022,Konyaspor,1-0,0-0,Fenerbahce,2022-23
Mon Aug 29 2022,Besiktas,3-1,3-0,Sivasspor,2022-23
Fri Sep 2 2022,Umraniyespor,0-1,0-0,Trabzonspor,2022-23
Sat Sep 3 2022,Buyuksehyr,2-0,1-0,Alanyaspor,2022-23
Sat Sep 3 2022,Sivasspor,0-0,0-0,Karagumruk,2022-23
Sat Sep 3 2022,Fenerbahce,2-0,1-0,Kayserispor,2022-23
Sat Sep 3 2022,Giresunspor,0-1,0-0,Konyaspor,2022-23
Sun Sep 4 2022,Hatayspor,1-1,1-0,Ad. Demirspor,2022-23
Sun Sep 4 2022,Ankaragucu,2-3,1-2,Besiktas,2022-23
Sun Sep 4 2022,Antalyaspor,0-2,0-1,Kasimpasa,2022-23
Mon Sep 5 2022,Galatasaray,2-1,1-1,Gaziantep,2022-23
Fri Sep 9 2022,Alanyaspor,2-1,0-0,Ankaragucu,2022-23
Sat Sep 10 2022,Konyaspor,1-0,0-0,Hatayspor,2022-23
Sat Sep 10 2022,Karagumruk,1-1,0-0,Giresunspor,2022-23
Sun Sep 11 2022,Sivasspor,1-1,0-0,Istanbulspor,2022-23
Sun Sep 11 2022,Gaziantep,1-1,0-0,Umraniyespor,2022-23
Sun Sep 11 2022,Kasimpasa,2-3,1-1,Galatasaray,2022-23
Sun Sep 11 2022,Kayserispor,1-0,0-0,Antalyaspor,2022-23
Mon Sep 12 2022,Besiktas,0-1,0-0,Buyuksehyr,2022-23
Mon Sep 12 2022,Ad. Demirspor,3-2,1-1,Trabzonspor,2022-23
Fri Sep 16 2022,Galatasaray,2-1,1-1,Konyaspor,2022-23
Fri Sep 16 2022,Hatayspor,0-4,0-2,Kayserispor,2022-23
Sat Sep 17 2022,Umraniyespor,1-2,0-1,Kasimpasa,2022-23
Sat Sep 17 2022,Antalyaspor,0-3,0-1,Ad. Demirspor,2022-23
Sat Sep 17 2022,Istanbulspor,2-2,1-2,Besiktas,2022-23
Sun Sep 18 2022,Buyuksehyr,0-0,0-0,Karagumruk,2022-23
Sun Sep 18 2022,Trabzonspor,3-2,2-2,Gaziantep,2022-23
Sun Sep 18 2022,Ankaragucu,2-1,2-0,Sivasspor,2022-23
Sun Sep 18 2022,Fenerbahce,5-0,3-0,Alanyaspor,2022-23
Sat Oct 1 2022,Kasimpasa,1-0,0-0,Gaziantep,2022-23
Sat Oct 1 2022,Ankaragucu,1-2,0-1,Buyuksehyr,2022-23
Sat Oct 1 2022,Kayserispor,1-2,1-0,Trabzonspor,2022-23
Sat Oct 1 2022,Ad. Demirspor,0-0,0-0,Galatasaray,2022-23
Sun Oct 2 2022,Alanyaspor,1-1,0-0,Giresunspor,2022-23
Sun Oct 2 2022,Sivasspor,1-2,1-2,Hatayspor,2022-23
Sun Oct 2 2022,Konyaspor,1-0,1-0,Umraniyespor,2022-23
Sun Oct 2 2022,Besiktas,0-0,0-0,Fenerbahce,2022-23
Mon Oct 3 2022,Karagumruk,1-2,1-0,Istanbulspor,2022-23
Fri Oct 7 2022,Gaziantep,1-1,0-0,Ad. Demirspor,2022-23
Sat Oct 8 2022,Istanbulspor,1-2,0-1,Ankaragucu,2022-23
Sat Oct 8 2022,Antalyaspor,1-1,0-0,Konyaspor,2022-23
Sat Oct 8 2022,Giresunspor,0-1,0-1,Besiktas,2022-23
Sun Oct 9 2022,Umraniyespor,2-2,0-1,Kayserispor,2022-23
Sun Oct 9 2022,Hatayspor,1-0,0-0,Alanyaspor,2022-23
Sun Oct 9 2022,Fenerbahce,5-4,2-2,Karagumruk,2022-23
Mon Oct 10 2022,Buyuksehyr,0-2,0-1,Sivasspor,2022-23
Mon Oct 10 2022,Trabzonspor,0-0,0-0,Kasimpasa,2022-23
Fri Oct 14 2022,Alanyaspor,3-2,1-0,Antalyaspor,2022-23
Sat Oct 15 2022,Karagumruk,3-0,2-0,Hatayspor,2022-23
Sat Oct 15 2022,Kasimpasa,1-4,0-2,Ad. Demirspor,2022-23
Sat Oct 15 2022,Kayserispor,2-1,2-0,Galatasaray,2022-23
Sat Oct 15 2022,Konyaspor,0-1,0-0,Gaziantep,2022-23
Sun Oct 16 2022,Buyuksehyr,2-0,1-0,Istanbulspor,2022-23
Sun Oct 16 2022,Besiktas,2-2,1-2,Trabzonspor,2022-23
Mon Oct 17 2022,Ankaragucu,0-3,0-2,Fenerbahce,2022-23
Mon Oct 17 2022,Sivasspor,3-0,2-0,Giresunspor,2022-23
Fri Oct 21 2022,Antalyaspor,2-1,1-1,Istanbulspor,2022-23
Sat Oct 22 2022,Umraniyespor,1-3,1-1,Karagumruk,2022-23
Sat Oct 22 2022,Trabzonspor,1-0,1-0,Sivasspor,2022-23
Sat Oct 22 2022,Fenerbahce,1-0,0-0,Buyuksehyr,2022-23
Sun Oct 23 2022,Kasimpasa,0-1,0-1,Kayserispor,2022-23
Sun Oct 23 2022,Ad. Demirspor,1-1,1-1,Konyaspor,2022-23
Sun Oct 23 2022,Galatasaray,2-2,2-0,Alanyaspor,2022-23
Mon Oct 24 2022,Giresunspor,1-1,0-0,Ankaragucu,2022-23
Mon Oct 24 2022,Hatayspor,2-1,0-1,Besiktas,2022-23
Fri Oct 28 2022,Karagumruk,0-2,0-0,Galatasaray,2022-23
Sat Oct 29 2022,Konyaspor,1-1,0-0,Kasimpasa,2022-23
Sat Oct 29 2022,Alanyaspor,2-0,1-0,Gaziantep,2022-23
Sun Oct 30 2022,Ankaragucu,4-1,1-0,Hatayspor,2022-23
Sun Oct 30 2022,Besiktas,5-2,2-1,Umraniyespor,2022-23
Sun Oct 30 2022,Kayserispor,2-2,0-1,Ad. Demirspor,2022-23
Sun Oct 30 2022,Istanbulspor,2-5,0-2,Fenerbahce,2022-23
Mon Oct 31 2022,Buyuksehyr,3-1,1-0,Giresunspor,2022-23
Mon Oct 31 2022,Sivasspor,0-2,0-2,Antalyaspor,2022-23
Fri Nov 4 2022,Kasimpasa,1-1,0-0,Ankaragucu,2022-23
Fri Nov 4 2022,Umraniyespor,3-1,2-0,Alanyaspor,2022-23
Sat Nov 5 2022,Giresunspor,3-2,1-1,Istanbulspor,2022-23
Sat Nov 5 2022,Galatasaray,2-1,1-1,Besiktas,2022-23
Sun Nov 6 2022,Gaziantep,1-2,0-1,Kayserispor,2022-23
Sun Nov 6 2022,Antalyaspor,4-2,3-2,Karagumruk,2022-23
Sun Nov 6 2022,Trabzonspor,2-2,2-1,Konyaspor,2022-23
Mon Nov 7 2022,Fenerbahce,1-0,0-0,Sivasspor,2022-23
Mon Nov 7 2022,Hatayspor,3-3,1-0,Buyuksehyr,2022-23
Fri Nov 11 2022,Alanyaspor,0-0,0-0,Ad. Demirspor,2022-23
Fri Nov 11 2022,Ankaragucu,1-1,0-0,Trabzonspor,2022-23
Sat Nov 12 2022,Sivasspor,2-2,1-1,Umraniyespor,2022-23
Sat Nov 12 2022,Fenerbahce,1-2,1-0,Giresunspor,2022-23
Sat Nov 12 2022,Buyuksehyr,0-7,0-3,Galatasaray,2022-23
Sun Nov 13 2022,Karagumruk,3-3,1-2,Gaziantep,2022-23
Sun Nov 13 2022,Istanbulspor,0-1,0-1,Hatayspor,2022-23
Sun Nov 13 2022,Kayserispor,1-2,1-2,Konyaspor,2022-23
Fri Dec 23 2022,Antalyaspor,0-2,0-0,Ankaragucu,2022-23
Fri Dec 23 2022,Umraniyespor,1-3,1-1,Buyuksehyr,2022-23
Sat Dec 24 2022,Hatayspor,1-1,0-0,Giresunspor,2022-23
Sat Dec 24 2022,Kasimpasa,1-2,1-1,Sivasspor,2022-23
Sat Dec 24 2022,Trabzonspor,2-0,0-0,Fenerbahce,2022-23
Sun Dec 25 2022,Ad. Demirspor,2-1,2-1,Karagumruk,2022-23
Sun Dec 25 2022,Gaziantep,1-1,0-0,Besiktas,2022-23
Sun Dec 25 2022,Konyaspor,2-2,1-0,Alanyaspor,2022-23
Sun Dec 25 2022,Galatasaray,2-1,2-0,Istanbulspor,2022-23
Tue Dec 27 2022,Ankaragucu,1-2,1-1,Umraniyespor,2022-23
Tue Dec 27 2022,Buyuksehyr,2-0,0-0,Antalyaspor,2022-23
Tue Dec 27 2022,Fenerbahce,4-0,2-0,Hatayspor,2022-23
Wed Dec 28 2022,Alanyaspor,3-1,2-0,Kayserispor,2022-23
Wed Dec 28 2022,Istanbulspor,2-1,1-1,Kasimpasa,2022-23
Wed Dec 28 2022,Karagumruk,4-1,2-1,Trabzonspor,2022-23
Thu Dec 29 2022,Giresunspor,2-1,1-0,Gaziantep,2022-23
Thu Dec 29 2022,Sivasspor,1-2,0-1,Galatasaray,2022-23
Thu Dec 29 2022,Besiktas,1-0,1-0,Ad. Demirspor,2022-23
Tue Jan 3 2023,Umraniyespor,2-2,1-1,Hatayspor,2022-23
Tue Jan 3 2023,Antalyaspor,1-2,1-0,Fenerbahce,2022-23
Wed Jan 4 2023,Kasimpasa,4-1,2-0,Alanyaspor,2022-23
Wed Jan 4 2023,Kayserispor,2-4,0-2,Karagumruk,2022-23
Wed Jan 4 2023,Galatasaray,2-1,2-1,Ankaragucu,2022-23
Wed Jan 4 2023,Konyaspor,2-2,1-1,Sivasspor,2022-23
Thu Jan 5 2023,Gaziantep,1-1,0-1,Buyuksehyr,2022-23
Thu Jan 5 2023,Ad. Demirspor,6-0,1-0,Istanbulspor,2022-23
Thu Jan 5 2023,Trabzonspor,3-0,1-0,Giresunspor,2022-23
Sat Jan 7 2023,Hatayspor,0-0,0-0,Antalyaspor,2022-23
Sat Jan 7 2023,Besiktas,2-1,2-0,Kasimpasa,2022-23
Sun Jan 8 2023,Karagumruk,3-3,2-0,Konyaspor,2022-23
Sun Jan 8 2023,Ankaragucu,2-1,1-1,Kayserispor,2022-23
Sun Jan 8 2023,Giresunspor,0-1,0-0,Umraniyespor,2022-23
Sun Jan 8 2023,Fenerbahce,0-3,0-1,Galatasaray,2022-23
Mon Jan 9 2023,Buyuksehyr,2-1,0-0,Ad. Demirspor,2022-23
Mon Jan 9 2023,Alanyaspor,5-0,3-0,Trabzonspor,2022-23
Mon Jan 9 2023,Istanbulspor,1-1,0-1,Gaziantep,2022-23
Fri Jan 13 2023,Kayserispor,4-1,3-0,Sivasspor,2022-23
Fri Jan 13 2023,Galatasaray,4-0,3-0,Hatayspor,2022-23
Sat Jan 14 2023,Antalyaspor,2-2,1-1,Giresunspor,2022-23
Sat Jan 14 2023,Ad. Demirspor,3-1,0-0,Ankaragucu,2022-23
Sat Jan 14 2023,Konyaspor,1-2,1-0,Besiktas,2022-23
Sat Jan 14 2023,Trabzonspor,1-0,1-0,Buyuksehyr,2022-23
Sun Jan 15 2023,Umraniyespor,0-2,0-2,Istanbulspor,2022-23
Sun Jan 15 2023,Kasimpasa,2-2,1-0,Karagumruk,2022-23
Sun Jan 15 2023,Gaziantep,1-2,0-1,Fenerbahce,2022-23
Fri Jan 20 2023,Ad. Demirspor,1-1,0-1,Giresunspor,2022-23
Sat Jan 21 2023,Kasimpasa,1-3,1-0,Buyuksehyr,2022-23
Sat Jan 21 2023,Galatasaray,2-1,0-0,Antalyaspor,2022-23
Sun Jan 22 2023,Gaziantep,1-2,0-1,Sivasspor,2022-23
Sun Jan 22 2023,Alanyaspor,2-2,1-0,Karagumruk,2022-23
Sun Jan 22 2023,Kayserispor,0-2,0-2,Besiktas,2022-23
Sun Jan 22 2023,Trabzonspor,4-0,1-0,Istanbulspor,2022-23
Mon Jan 23 2023,Konyaspor,0-1,0-0,Ankaragucu,2022-23
Mon Jan 23 2023,Umraniyespor,1-2,0-0,Fenerbahce,2022-23
Fri Jan 27 2023,Besiktas,3-0,1-0,Alanyaspor,2022-23
Sat Jan 28 2023,Sivasspor,1-2,0-1,Ad. Demirspor,2022-23
Sat Jan 28 2023,Ankaragucu,0-2,0-0,Gaziantep,2022-23
Sat Jan 28 2023,Hatayspor,2-1,0-1,Trabzonspor,2022-23
Sat Jan 28 2023,Antalyaspor,3-2,1-1,Umraniyespor,2022-23
Sat Jan 28 2023,Giresunspor,0-4,0-1,Galatasaray,2022-23
Sun Jan 29 2023,Istanbulspor,2-4,2-1,Kayserispor,2022-23
Sun Jan 29 2023,Buyuksehyr,2-0,1-0,Konyaspor,2022-23
Sun Jan 29 2023,Fenerbahce,5-1,2-1,Kasimpasa,2022-23
Tue Jan 31 2023,Alanyaspor,0-3,0-2,Sivasspor,2022-23
Tue Jan 31 2023,Karagumruk,1-1,0-1,Besiktas,2022-23
Wed Feb 1 2023,Gaziantep,4-1,1-1,Hatayspor,2022-23
Wed Feb 1 2023,Kasimpasa,5-1,3-1,Giresunspor,2022-23
Wed Feb 1 2023,Galatasaray,3-2,1-2,Umraniyespor,2022-23
Wed Feb 1 2023,Trabzonspor,2-0,1-0,Antalyaspor,2022-23
Thu Feb 2 2023,Kayserispor,1-0,0-0,Buyuksehyr,2022-23
Thu Feb 2 2023,Konyaspor,0-1,0-0,Istanbulspor,2022-23
Thu Feb 2 2023,Ad. Demirspor,1-1,0-0,Fenerbahce,2022-23
Sat Feb 4 2023,Ankaragucu,0-2,0-1,Karagumruk,2022-23
Sat Feb 4 2023,Sivasspor,1-0,1-0,Besiktas,2022-23
Sat Feb 4 2023,Antalyaspor,1-0,1-0,Gaziantep,2022-23
Sun Feb 5 2023,Istanbulspor,2-1,0-0,Alanyaspor,2022-23
Sun Feb 5 2023,Hatayspor,1-0,0-0,Kasimpasa,2022-23
Sun Feb 5 2023,Galatasaray,2-1,1-1,Trabzonspor,2022-23
Sat Feb 25 2023,Umraniyespor,3-0,?,Gaziantep,2022-23
Sat Feb 25 2023,Fenerbahce,4-0,2-0,Konyaspor,2022-23
Sat Feb 25 2023,Giresunspor,1-2,0-2,Kayserispor,2022-23
Sun Feb 26 2023,Umraniyespor,1-1,0-0,Ad. Demirspor,2022-23
Sun Feb 26 2023,Besiktas,0-0,0-0,Antalyaspor,2022-23
Fri Mar 3 2023,Alanyaspor,1-0,0-0,Buyuksehyr,2022-23
Sat Mar 4 2023,Karagumruk,4-3,1-1,Sivasspor,2022-23
Sat Mar 4 2023,Trabzonspor,1-2,0-0,Umraniyespor,2022-23
Sat Mar 4 2023,Kayserispor,1-2,0-1,Fenerbahce,2022-23
Sun Mar 5 2023,Ad. Demirspor,3-0,?,Hatayspor,2022-23
Sun Mar 5 2023,Gaziantep,0-3,?,Galatasaray,2022-23
Sun Mar 5 2023,Konyaspor,0-0,0-0,Giresunspor,2022-23
Sun Mar 5 2023,Besiktas,2-1,1-0,Ankaragucu,2022-23
Mon Mar 6 2023,Kasimpasa,3-1,2-1,Antalyaspor,2022-23
Fri Mar 10 2023,Giresunspor,2-2,2-1,Karagumruk,2022-23
Sat Mar 11 2023,Antalyaspor,4-0,1-0,Kayserispor,2022-23
Sat Mar 11 2023,Galatasaray,1-0,0-0,Kasimpasa,2022-23
Sun Mar 12 2023,Ankaragucu,2-0,1-0,Alanyaspor,2022-23
Sun Mar 12 2023,Hatayspor,0-3,?,Konyaspor,2022-23
Sun Mar 12 2023,Trabzonspor,4-1,1-1,Ad. Demirspor,2022-23
Sun Mar 12 2023,Buyuksehyr,0-2,0-1,Besiktas,2022-23
Mon Mar 13 2023,Istanbulspor,3-0,1-0,Sivasspor,2022-23
Fri Mar 17 2023,Konyaspor,2-1,0-1,Galatasaray,2022-23
Sat Mar 18 2023,Kasimpasa,1-1,1-1,Umraniyespor,2022-23
Sat Mar 18 2023,Ad. Demirspor,2-0,2-0,Antalyaspor,2022-23
Sat Mar 18 2023,Besiktas,3-1,1-0,Istanbulspor,2022-23
Sun Mar 19 2023,Karagumruk,2-2,1-1,Buyuksehyr,2022-23
Sun Mar 19 2023,Sivasspor,2-0,1-0,Ankaragucu,2022-23
Sun Mar 19 2023,Alanyaspor,1-3,1-0,Fenerbahce,2022-23
Sun Mar 19 2023,Gaziantep,0-3,?,Trabzonspor,2022-23
Sun Mar 19 2023,Kayserispor,3-0,?,Hatayspor,2022-23
Sat Apr 1 2023,Buyuksehyr,1-0,1-0,Ankaragucu,2022-23
Sat Apr 1 2023,Trabzonspor,3-4,1-2,Kayserispor,2022-23
Sat Apr 1 2023,Galatasaray,2-0,0-0,Ad. Demirspor,2022-23
Sun Apr 2 2023,Umraniyespor,2-2,0-0,Konyaspor,2022-23
Sun Apr 2 2023,Giresunspor,2-2,0-1,Alanyaspor,2022-23
Sun Apr 2 2023,Gaziantep,0-3,?,Kasimpasa,2022-23
Sun Apr 2 2023,Hatayspor,0-3,?,Sivasspor,2022-23
Sun Apr 2 2023,Fenerbahce,2-4,1-0,Besiktas,2022-23
Mon Apr 3 2023,Istanbulspor,0-1,0-1,Karagumruk,2022-23
Fri Apr 7 2023,Konyaspor,1-1,1-1,Antalyaspor,2022-23
Sat Apr 8 2023,Ankaragucu,3-2,2-0,Istanbulspor,2022-23
Sat Apr 8 2023,Kasimpasa,2-0,1-0,Trabzonspor,2022-23
Sun Apr 9 2023,Sivasspor,1-1,1-0,Buyuksehyr,2022-23
Sun Apr 9 2023,Ad. Demirspor,3-0,?,Gaziantep,2022-23
Sun Apr 9 2023,Alanyaspor,3-0,?,Hatayspor,2022-23
Sun Apr 9 2023,Besiktas,3-1,2-1,Giresunspor,2022-23
Mon Apr 10 2023,Kayserispor,3-1,1-1,Umraniyespor,2022-23
Mon Apr 10 2023,Karagumruk,1-2,1-0,Fenerbahce,2022-23
Fri Apr 14 2023,Antalyaspor,3-1,2-1,Alanyaspor,2022-23
Fri Apr 14 2023,Galatasaray,6-0,4-0,Kayserispor,2022-23
Sat Apr 15 2023,Ad. Demirspor,5-0,3-0,Kasimpasa,2022-23
Sat Apr 15 2023,Istanbulspor,1-0,1-0,Buyuksehyr,2022-23
Sat Apr 15 2023,Fenerbahce,2-1,0-0,Ankaragucu,2022-23
Sun Apr 16 2023,Giresunspor,1-0,1-0,Sivasspor,2022-23
Sun Apr 16 2023,Gaziantep,0-3,?,Konyaspor,2022-23
Sun Apr 16 2023,Hatayspor,0-3,?,Karagumruk,2022-23
Sun Apr 16 2023,Trabzonspor,0-0,0-0,Besiktas,2022-23
Tue Apr 18 2023,Alanyaspor,1-4,1-2,Galatasaray,2022-23
Tue Apr 18 2023,Karagumruk,4-2,2-1,Umraniyespor,2022-23
Wed Apr 19 2023,Istanbulspor,3-3,2-1,Antalyaspor,2022-23
Wed Apr 19 2023,Kayserispor,0-0,0-0,Kasimpasa,2022-23
Wed Apr 19 2023,Besiktas,3-0,?,Hatayspor,2022-23
Wed Apr 19 2023,Buyuksehyr,1-2,1-0,Fenerbahce,2022-23
Wed Apr 19 2023,Konyaspor,1-2,1-1,Ad. Demirspor,2022-23
Thu Apr 20 2023,Ankaragucu,3-1,0-1,Giresunspor,2022-23
Thu Apr 20 2023,Sivasspor,4-1,2-1,Trabzonspor,2022-23
Sat Apr 22 2023,Umraniyespor,0-2,0-1,Besiktas,2022-23
Sun Apr 23 2023,Kasimpasa,1-2,1-2,Konyaspor,2022-23
Sun Apr 23 2023,Ad. Demirspor,5-3,4-3,Kayserispor,2022-23
Sun Apr 23 2023,Galatasaray,3-3,2-3,Karagumruk,2022-23
Sun Apr 23 2023,Gaziantep,0-3,?,Alanyaspor,2022-23
Sun Apr 23 2023,Hatayspor,0-3,?,Ankaragucu,2022-23
Mon Apr 24 2023,Giresunspor,2-4,0-4,Buyuksehyr,2022-23
Mon Apr 24 2023,Antalyaspor,1-2,0-2,Sivasspor,2022-23
Mon Apr 24 2023,Fenerbahce,3-3,1-0,Istanbulspor,2022-23
Fri Apr 28 2023,Alanyaspor,1-0,1-0,Umraniyespor,2022-23
Sat Apr 29 2023,Karagumruk,0-1,0-1,Antalyaspor,2022-23
Sat Apr 29 2023,Konyaspor,2-1,1-1,Trabzonspor,2022-23
Sat Apr 29 2023,Ankaragucu,0-0,0-0,Kasimpasa,2022-23
Sat Apr 29 2023,Sivasspor,1-3,0-3,Fenerbahce,2022-23
Sun Apr 30 2023,Besiktas,3-1,1-1,Galatasaray,2022-23
Sun Apr 30 2023,Buyuksehyr,3-0,?,Hatayspor,2022-23
Sun Apr 30 2023,Kayserispor,3-0,?,Gaziantep,2022-23
Mon May 1 2023,Istanbulspor,1-0,1-0,Giresunspor,2022-23
Sat May 6 2023,Antalyaspor,1-3,1-0,Besiktas,2022-23
Sat May 6 2023,Ad. Demirspor,4-2,2-2,Alanyaspor,2022-23
Sun May 7 2023,Umraniyespor,4-1,2-1,Sivasspor,2022-23
Sun May 7 2023,Konyaspor,2-2,0-0,Kayserispor,2022-23
Sun May 7 2023,Giresunspor,1-1,0-1,Fenerbahce,2022-23
Sun May 7 2023,Gaziantep,0-3,?,Karagumruk,2022-23
Sun May 7 2023,Hatayspor,0-3,?,Istanbulspor,2022-23
Mon May 8 2023,Galatasaray,1-0,1-0,Buyuksehyr,2022-23
Mon May 8 2023,Trabzonspor,2-0,1-0,Ankaragucu,2022-23
Tue May 16 2023,Sivasspor,1-2,0-0,Kasimpasa,2022-23
Tue May 16 2023,Alanyaspor,0-3,0-1,Konyaspor,2022-23
Tue May 16 2023,Istanbulspor,0-2,0-1,Galatasaray,2022-23
Wed May 17 2023,Buyuksehyr,1-1,1-0,Umraniyespor,2022-23
Wed May 17 2023,Ankaragucu,1-1,0-0,Antalyaspor,2022-23
Wed May 17 2023,Besiktas,3-0,?,Gaziantep,2022-23
Wed May 17 2023,Giresunspor,3-0,?,Hatayspor,2022-23
Wed May 17 2023,Karagumruk,2-3,1-0,Ad. Demirspor,2022-23
Thu May 18 2023,Fenerbahce,3-1,1-0,Trabzonspor,2022-23
Sat May 20 2023,Kasimpasa,1-0,0-0,Istanbulspor,2022-23
Sat May 20 2023,Galatasaray,2-0,1-0,Sivasspor,2022-23
Sat May 20 2023,Kayserispor,0-4,0-2,Alanyaspor,2022-23
Sun May 21 2023,Umraniyespor,1-2,1-1,Ankaragucu,2022-23
Sun May 21 2023,Ad. Demirspor,1-4,1-1,Besiktas,2022-23
Sun May 21 2023,Antalyaspor,0-0,0-0,Buyuksehyr,2022-23
Sun May 21 2023,Gaziantep,0-3,?,Giresunspor,2022-23
Sun May 21 2023,Hatayspor,0-3,?,Fenerbahce,2022-23
Mon May 22 2023,Trabzonspor,4-1,3-1,Karagumruk,2022-23
Tue May 30 2023,Alanyaspor,1-3,0-0,Kasimpasa,2022-23
Tue May 30 2023,Ankaragucu,1-4,1-2,Galatasaray,2022-23
Tue May 30 2023,Buyuksehyr,3-0,?,Gaziantep,2022-23
Tue May 30 2023,Fenerbahce,2-0,1-0,Antalyaspor,2022-23
Tue May 30 2023,Giresunspor,2-4,0-2,Trabzonspor,2022-23
Tue May 30 2023,Hatayspor,0-3,?,Umraniyespor,2022-23
Tue May 30 2023,Istanbulspor,0-2,0-1,Ad. Demirspor,2022-23
Tue May 30 2023,Karagumruk,2-0,2-0,Kayserispor,2022-23
Tue May 30 2023,Sivasspor,1-0,1-0,Konyaspor,2022-23
Sat Jun 3 2023,Konyaspor,1-1,1-1,Karagumruk,2022-23
Sat Jun 3 2023,Ad. Demirspor,2-3,1-2,Buyuksehyr,2022-23
Sat Jun 3 2023,Antalyaspor,3-0,?,Hatayspor,2022-23
Sat Jun 3 2023,Gaziantep,0-3,?,Istanbulspor,2022-23
Sat Jun 3 2023,Kasimpasa,2-5,0-2,Besiktas,2022-23
Sat Jun 3 2023,Kayserispor,0-1,0-1,Ankaragucu,2022-23
Sat Jun 3 2023,Trabzonspor,5-1,4-1,Alanyaspor,2022-23
Sat Jun 3 2023,Umraniyespor,0-1,0-1,Giresunspor,2022-23
Sun Jun 4 2023,Galatasaray,3-0,1-0,Fenerbahce,2022-23
Tue Jun 6 2023,Karagumruk,3-0,1-0,Kasimpasa,2022-23
Tue Jun 6 2023,Sivasspor,1-1,1-1,Kayserispor,2022-23
Tue Jun 6 2023,Buyuksehyr,3-1,1-0,Trabzonspor,2022-23
Wed Jun 7 2023,Ankaragucu,1-2,0-1,Ad. Demirspor,2022-23
Wed Jun 7 2023,Besiktas,3-3,2-1,Konyaspor,2022-23
Wed Jun 7 2023,Fenerbahce,3-0,?,Gaziantep,2022-23
Wed Jun 7 2023,Giresunspor,2-0,1-0,Antalyaspor,2022-23
Wed Jun 7 2023,Hatayspor,0-3,?,Galatasaray,2022-23
Wed Jun 7 2023,Istanbulspor,4-0,1-0,Umraniyespor,2022-23
Fri Aug 11 2023,Trabzonspor,1-0,1-0,Antalyaspor,2023-24
Sat Aug 12 2023,Kasimpasa,3-2,1-0,Ankaragucu,2023-24
Sat Aug 12 2023,Konyaspor,1-1,0-1,Istanbulspor,2023-24
Sat Aug 12 2023,Kayserispor,0-0,0-0,Galatasaray,2023-24
Sat Aug 12 2023,Pendikspor,1-5,0-2,Hatayspor,2023-24
Sun Aug 13 2023,Sivasspor,1-1,1-0,Samsunspor,2023-24
Sun Aug 13 2023,Ad. Demirspor,2-1,1-0,Rizespor,2023-24
Sun Aug 13 2023,Fenerbahce,2-1,2-1,Gaziantep,2023-24
Mon Aug 14 2023,Alanyaspor,2-0,1-0,Buyuksehyr,2023-24
Mon Aug 14 2023,Karagumruk,0-1,0-0,Besiktas,2023-24
Fri Aug 18 2023,Antalyaspor,1-1,0-0,Konyaspor,2023-24
Fri Aug 18 2023,Istanbulspor,1-1,0-0,Kayserispor,2023-24
Sat Aug 19 2023,Rizespor,0-0,0-0,Alanyaspor,2023-24
Sat Aug 19 2023,Galatasaray,2-0,1-0,Trabzonspor,2023-24
Sat Aug 19 2023,Hatayspor,0-0,0-0,Kasimpasa,2023-24
Sun Aug 20 2023,Buyuksehyr,0-2,0-2,Karagumruk,2023-24
Sun Aug 20 2023,Besiktas,1-1,1-0,Pendikspor,2023-24
Sun Aug 20 2023,Gaziantep,1-3,0-2,Sivasspor,2023-24
Mon Aug 21 2023,Ankaragucu,1-1,1-1,Ad. Demirspor,2023-24
Mon Aug 21 2023,Samsunspor,0-2,0-0,Fenerbahce,2023-24
Fri Aug 25 2023,Konyaspor,2-0,0-0,Gaziantep,2023-24
Sat Aug 26 2023,Kasimpasa,1-1,0-1,Pendikspor,2023-24
Sat Aug 26 2023,Trabzonspor,2-3,0-2,Rizespor,2023-24
Sat Aug 26 2023,Sivasspor,1-1,1-1,Antalyaspor,2023-24
Sun Aug 27 2023,Karagumruk,1-1,1-0,Ankaragucu,2023-24
Sun Aug 27 2023,Kayserispor,2-1,2-1,Samsunspor,2023-24
Sun Aug 27 2023,Alanyaspor,0-0,0-0,Hatayspor,2023-24
Fri Sep 1 2023,Kasimpasa,1-5,0-3,Trabzonspor,2023-24
Fri Sep 1 2023,Rizespor,1-0,1-0,Karagumruk,2023-24
Sat Sep 2 2023,Buyuksehyr,0-1,0-0,Konyaspor,2023-24
Sat Sep 2 2023,Pendikspor,1-1,0-0,Alanyaspor,2023-24
Sat Sep 2 2023,Antalyaspor,1-1,1-1,Kayserispor,2023-24
Sat Sep 2 2023,Gaziantep,0-3,0-1,Galatasaray,2023-24
Sun Sep 3 2023,Besiktas,2-0,2-0,Sivasspor,2023-24
Sun Sep 3 2023,Ankaragucu,0-1,0-0,Fenerbahce,2023-24
Sun Sep 3 2023,Hatayspor,3-3,0-1,Ad. Demirspor,2023-24
Sat Sep 16 2023,Kayserispor,2-0,1-0,Gaziantep,2023-24
Sat Sep 16 2023,Konyaspor,1-2,1-0,Rizespor,2023-24
Sat Sep 16 2023,Ad. Demirspor,3-0,2-0,Pendikspor,2023-24
Sat Sep 16 2023,Galatasaray,4-2,3-0,Samsunspor,2023-24
Sun Sep 17 2023,Fenerbahce,3-2,1-1,Antalyaspor,2023-24
Sun Sep 17 2023,Istanbulspor,0-2,0-0,Buyuksehyr,2023-24
Sun Sep 17 2023,Alanyaspor,3-3,2-1,Kasimpasa,2023-24
Sun Sep 17 2023,Trabzonspor,3-0,2-0,Besiktas,2023-24
Mon Sep 18 2023,Karagumruk,0-0,0-0,Hatayspor,2023-24
Mon Sep 18 2023,Sivasspor,1-3,1-1,Ankaragucu,2023-24
Fri Sep 22 2023,Gaziantep,2-0,0-0,Istanbulspor,2023-24
Sat Sep 23 2023,Pendikspor,1-1,1-0,Karagumruk,2023-24
Sat Sep 23 2023,Rizespor,1-1,1-1,Sivasspor,2023-24
Sat Sep 23 2023,Antalyaspor,2-0,2-0,Samsunspor,2023-24
Sat Sep 23 2023,Buyuksehyr,1-2,0-1,Galatasaray,2023-24
Sun Sep 24 2023,Ankaragucu,1-1,1-1,Konyaspor,2023-24
Sun Sep 24 2023,Besiktas,2-1,0-0,Kayserispor,2023-24
Sun Sep 24 2023,Alanyaspor,0-1,0-1,Fenerbahce,2023-24
Sun Sep 24 2023,Kasimpasa,2-1,1-0,Ad. Demirspor,2023-24
Mon Sep 25 2023,Hatayspor,3-2,0-1,Trabzonspor,2023-24
Tue Sep 26 2023,Istanbulspor,0-1,0-1,Galatasaray,2023-24
Wed Sep 27 2023,Ad. Demirspor,4-2,2-0,Besiktas,2023-24
Thu Sep 28 2023,Fenerbahce,4-0,3-0,Buyuksehyr,2023-24
Fri Sep 29 2023,Samsunspor,1-2,0-2,Gaziantep,2023-24
Sat Sep 30 2023,Sivasspor,0-0,0-0,Hatayspor,2023-24
Sat Sep 30 2023,Istanbulspor,1-2,1-0,Antalyaspor,2023-24
Sat Sep 30 2023,Trabzonspor,2-1,2-1,Pendikspor,2023-24
Sat Sep 30 2023,Galatasaray,2-1,0-0,Ankaragucu,2023-24
Sun Oct 1 2023,Karagumruk,2-3,1-3,Kasimpasa,2023-24
Sun Oct 1 2023,Fenerbahce,5-0,1-0,Rizespor,2023-24
Sun Oct 1 2023,Ad. Demirspor,4-0,1-0,Alanyaspor,2023-24
Sun Oct 1 2023,Konyaspor,0-2,0-1,Besiktas,2023-24
Mon Oct 2 2023,Kayserispor,0-0,0-0,Buyuksehyr,2023-24
Fri Oct 6 2023,Ad. Demirspor,1-0,1-0,Trabzonspor,2023-24
Fri Oct 6 2023,Alanyaspor,2-1,1-0,Karagumruk,2023-24
Sat Oct 7 2023,Pendikspor,2-3,0-1,Sivasspor,2023-24
Sat Oct 7 2023,Ankaragucu,3-0,0-0,Kayserispor,2023-24
Sat Oct 7 2023,Antalyaspor,0-2,0-0,Galatasaray,2023-24
Sat Oct 7 2023,Buyuksehyr,2-0,2-0,Gaziantep,2023-24
Sun Oct 8 2023,Rizespor,1-0,0-0,Samsunspor,2023-24
Sun Oct 8 2023,Besiktas,2-0,1-0,Istanbulspor,2023-24
Sun Oct 8 2023,Hatayspor,3-1,1-1,Konyaspor,2023-24
Sun Oct 8 2023,Kasimpasa,0-2,0-2,Fenerbahce,2023-24
Sat Oct 21 2023,Kayserispor,3-1,1-0,Rizespor,2023-24
Sat Oct 21 2023,Gaziantep,1-0,0-0,Antalyaspor,2023-24
Sat Oct 21 2023,Konyaspor,1-2,0-0,Pendikspor,2023-24
Sat Oct 21 2023,Galatasaray,2-1,1-0,Besiktas,2023-24
Sun Oct 22 2023,Sivasspor,0-1,0-0,Kasimpasa,2023-24
Sun Oct 22 2023,Istanbulspor,2-1,1-1,Ankaragucu,2023-24
Sun Oct 22 2023,Fenerbahce,4-2,3-0,Hatayspor,2023-24
Sun Oct 22 2023,Samsunspor,0-0,0-0,Buyuksehyr,2023-24
Mon Oct 23 2023,Karagumruk,2-0,0-0,Ad. Demirspor,2023-24
Mon Oct 23 2023,Trabzonspor,1-0,0-0,Alanyaspor,2023-24
Fri Oct 27 2023,Hatayspor,1-2,0-1,Kayserispor,2023-24
Fri Oct 27 2023,Kasimpasa,3-1,1-0,Istanbulspor,2023-24
Sat Oct 28 2023,Alanyaspor,1-2,0-0,Sivasspor,2023-24
Sat Oct 28 2023,Ad. Demirspor,3-0,0-0,Konyaspor,2023-24
Sat Oct 28 2023,Rizespor,0-1,0-0,Galatasaray,2023-24
Sun Oct 29 2023,Karagumruk,0-0,0-0,Trabzonspor,2023-24
Sun Oct 29 2023,Ankaragucu,2-0,0-0,Samsunspor,2023-24
Sun Oct 29 2023,Antalyaspor,1-0,1-0,Buyuksehyr,2023-24
Sun Oct 29 2023,Pendikspor,0-5,0-2,Fenerbahce,2023-24
Mon Oct 30 2023,Besiktas,2-0,0-0,Gaziantep,2023-24
Fri Nov 3 2023,Galatasaray,2-1,1-0,Kasimpasa,2023-24
Sat Nov 4 2023,Istanbulspor,2-4,1-2,Pendikspor,2023-24
Sat Nov 4 2023,Samsunspor,2-1,0-1,Hatayspor,2023-24
Sat Nov 4 2023,Fenerbahce,2-3,0-1,Trabzonspor,2023-24
Sun Nov 5 2023,Sivasspor,1-1,1-0,Ad. Demirspor,2023-24
Sun Nov 5 2023,Buyuksehyr,3-3,2-2,Ankaragucu,2023-24
Sun Nov 5 2023,Konyaspor,1-1,0-0,Karagumruk,2023-24
Sun Nov 5 2023,Antalyaspor,3-2,0-1,Besiktas,2023-24
Mon Nov 6 2023,Gaziantep,2-0,1-0,Rizespor,2023-24
Mon Nov 6 2023,Kayserispor,1-0,0-0,Alanyaspor,2023-24
Wed Nov 8 2023,Samsunspor,2-1,0-1,Istanbulspor,2023-24
Fri Nov 10 2023,Ankaragucu,0-4,0-2,Antalyaspor,2023-24
Fri Nov 10 2023,Trabzonspor,2-1,0-0,Konyaspor,2023-24
Sat Nov 11 2023,Kasimpasa,3-4,1-3,Kayserispor,2023-24
Sat Nov 11 2023,Alanyaspor,0-3,0-2,Gaziantep,2023-24
Sat Nov 11 2023,Karagumruk,3-0,1-0,Sivasspor,2023-24
Sat Nov 11 2023,Hatayspor,2-1,1-1,Galatasaray,2023-24
Sun Nov 12 2023,Pendikspor,1-0,0-0,Samsunspor,2023-24
Sun Nov 12 2023,Besiktas,1-0,0-0,Buyuksehyr,2023-24
Sun Nov 12 2023,Rizespor,1-0,1-0,Istanbulspor,2023-24
Sun Nov 12 2023,Ad. Demirspor,0-0,0-0,Fenerbahce,2023-24
Sat Nov 25 2023,Istanbulspor,2-1,1-0,Hatayspor,2023-24
Sat Nov 25 2023,Gaziantep,0-1,0-1,Ankaragucu,2023-24
Sat Nov 25 2023,Konyaspor,2-0,0-0,Kasimpasa,2023-24
Sat Nov 25 2023,Galatasaray,4-0,2-0,Alanyaspor,2023-24
Sun Nov 26 2023,Kayserispor,1-1,0-1,Ad. Demirspor,2023-24
Sun Nov 26 2023,Antalyaspor,0-0,0-0,Rizespor,2023-24
Sun Nov 26 2023,Samsunspor,1-2,1-1,Besiktas,2023-24
Sun Nov 26 2023,Fenerbahce,2-1,0-1,Karagumruk,2023-24
Mon Nov 27 2023,Buyuksehyr,4-1,1-1,Pendikspor,2023-24
Mon Nov 27 2023,Sivasspor,3-3,2-2,Trabzonspor,2023-24
Fri Dec 1 2023,Hatayspor,3-3,1-1,Antalyaspor,2023-24
Fri Dec 1 2023,Karagumruk,3-0,1-0,Istanbulspor,2023-24
Sat Dec 2 2023,Alanyaspor,2-2,2-1,Konyaspor,2023-24
Sat Dec 2 2023,Rizespor,3-2,2-2,Buyuksehyr,2023-24
Sat Dec 2 2023,Ad. Demirspor,2-3,1-2,Samsunspor,2023-24
Sat Dec 2 2023,Pendikspor,0-2,0-0,Galatasaray,2023-24
Sun Dec 3 2023,Kasimpasa,4-2,3-0,Gaziantep,2023-24
Sun Dec 3 2023,Trabzonspor,0-1,0-0,Kayserispor,2023-24
Sun Dec 3 2023,Ankaragucu,1-1,1-0,Besiktas,2023-24
Mon Dec 4 2023,Fenerbahce,4-1,2-0,Sivasspor,2023-24
Fri Dec 8 2023,Galatasaray,3-1,2-1,Ad. Demirspor,2023-24
Sat Dec 9 2023,Antalyaspor,2-1,2-1,Karagumruk,2023-24
Sat Dec 9 2023,Samsunspor,4-2,2-0,Kasimpasa,2023-24
Sat Dec 9 2023,Besiktas,1-3,1-1,Fenerbahce,2023-24
Sun Dec 10 2023,Istanbulspor,0-1,0-0,Alanyaspor,2023-24
Sun Dec 10 2023,Buyuksehyr,1-0,1-0,Hatayspor,2023-24
Sun Dec 10 2023,Kayserispor,2-0,0-0,Pendikspor,2023-24
Sun Dec 10 2023,Gaziantep,1-3,0-0,Trabzonspor,2023-24
Mon Dec 11 2023,Ankaragucu,1-1,1-0,Rizespor,2023-24
Mon Dec 11 2023,Konyaspor,0-1,0-1,Sivasspor,2023-24
Tue Dec 19 2023,Buyuksehyr,3-1,1-1,Sivasspor,2023-24
Tue Dec 19 2023,Gaziantep,2-2,1-0,Ad. Demirspor,2023-24
Tue Dec 19 2023,Istanbulspor,0-3,?,Trabzonspor,2023-24
Wed Dec 20 2023,Kayserispor,3-4,1-2,Fenerbahce,2023-24
Wed Dec 20 2023,Antalyaspor,0-0,0-0,Kasimpasa,2023-24
Wed Dec 20 2023,Galatasaray,1-0,1-0,Karagumruk,2023-24
Thu Dec 21 2023,Rizespor,5-1,3-1,Pendikspor,2023-24
Thu Dec 21 2023,Samsunspor,1-1,0-1,Konyaspor,2023-24
Thu Dec 21 2023,Ankaragucu,0-0,0-0,Hatayspor,2023-24
Thu Dec 21 2023,Besiktas,1-3,1-1,Alanyaspor,2023-24
Sat Dec 23 2023,Sivasspor,1-0,0-0,Istanbulspor,2023-24
Sat Dec 23 2023,Karagumruk,0-3,0-1,Gaziantep,2023-24
Sat Dec 23 2023,Trabzonspor,1-1,1-1,Buyuksehyr,2023-24
Sun Dec 24 2023,Konyaspor,2-0,0-0,Kayserispor,2023-24
Sun Dec 24 2023,Ad. Demirspor,2-1,2-0,Antalyaspor,2023-24
Sun Dec 24 2023,Fenerbahce,0-0,0-0,Galatasaray,2023-24
Mon Dec 25 2023,Alanyaspor,3-1,2-0,Samsunspor,2023-24
Mon Dec 25 2023,Kasimpasa,2-2,1-1,Rizespor,2023-24
Mon Dec 25 2023,Hatayspor,1-2,0-1,Besiktas,2023-24
Mon Dec 25 2023,Pendikspor,1-1,0-1,Ankaragucu,2023-24
Fri Jan 5 2024,Gaziantep,2-2,1-0,Pendikspor,2023-24
Fri Jan 5 2024,Antalyaspor,0-0,0-0,Alanyaspor,2023-24
Fri Jan 5 2024,Besiktas,1-3,1-1,Kasimpasa,2023-24
Sat Jan 6 2024,Rizespor,2-0,1-0,Hatayspor,2023-24
Sat Jan 6 2024,Buyuksehyr,0-0,0-0,Ad. Demirspor,2023-24
Sat Jan 6 2024,Ankaragucu,0-1,0-1,Trabzonspor,2023-24
Sat Jan 6 2024,Samsunspor,1-0,0-0,Karagumruk,2023-24
Sun Jan 7 2024,Kayserispor,1-3,1-1,Sivasspor,2023-24
Sun Jan 7 2024,Istanbulspor,1-5,1-4,Fenerbahce,2023-24
Sun Jan 7 2024,Galatasaray,3-0,0-0,Konyaspor,2023-24
Tue Jan 9 2024,Alanyaspor,1-1,0-0,Ankaragucu,2023-24
Tue Jan 9 2024,Pendikspor,0-1,0-1,Antalyaspor,2023-24
Tue Jan 9 2024,Kasimpasa,0-3,0-1,Buyuksehyr,2023-24
Tue Jan 9 2024,Rizespor,0-4,0-2,Besiktas,2023-24
Wed Jan 10 2024,Hatayspor,0-0,0-0,Gaziantep,2023-24
Wed Jan 10 2024,Karagumruk,4-1,3-1,Kayserispor,2023-24
Wed Jan 10 2024,Ad. Demirspor,2-2,1-0,Istanbulspor,2023-24
Wed Jan 10 2024,Fenerbahce,7-1,5-0,Konyaspor,2023-24
Thu Jan 11 2024,Sivasspor,1-1,0-1,Galatasaray,2023-24
Thu Jan 11 2024,Trabzonspor,2-1,2-0,Samsunspor,2023-24
Sat Jan 13 2024,Ankaragucu,3-1,1-1,Kasimpasa,2023-24
Sat Jan 13 2024,Hatayspor,1-1,0-0,Pendikspor,2023-24
Sat Jan 13 2024,Buyuksehyr,3-2,2-1,Alanyaspor,2023-24
Sat Jan 13 2024,Besiktas,3-0,0-0,Karagumruk,2023-24
Sat Jan 13 2024,Rizespor,1-0,0-0,Ad. Demirspor,2023-24
Sun Jan 14 2024,Istanbulspor,0-0,0-0,Konyaspor,2023-24
Sun Jan 14 2024,Antalyaspor,1-1,0-1,Trabzonspor,2023-24
Sun Jan 14 2024,Samsunspor,2-0,2-0,Sivasspor,2023-24
Sun Jan 14 2024,Gaziantep,0-1,0-0,Fenerbahce,2023-24
Mon Jan 15 2024,Galatasaray,2-1,1-0,Kayserispor,2023-24
Sat Jan 20 2024,Kasimpasa,3-0,0-0,Hatayspor,2023-24
Sat Jan 20 2024,Alanyaspor,2-1,0-0,Rizespor,2023-24
Sat Jan 20 2024,Karagumruk,1-1,0-1,Buyuksehyr,2023-24
Sat Jan 20 2024,Ad. Demirspor,1-1,0-0,Ankaragucu,2023-24
Sat Jan 20 2024,Pendikspor,4-0,1-0,Besiktas,2023-24
Sun Jan 21 2024,Sivasspor,2-2,2-2,Gaziantep,2023-24
Sun Jan 21 2024,Fenerbahce,1-1,1-0,Samsunspor,2023-24
Sun Jan 21 2024,Konyaspor,1-1,1-0,Antalyaspor,2023-24
Sun Jan 21 2024,Trabzonspor,1-5,0-1,Galatasaray,2023-24
Mon Jan 22 2024,Kayserispor,0-1,0-0,Istanbulspor,2023-24
Tue Jan 23 2024,Hatayspor,1-1,1-0,Alanyaspor,2023-24
Tue Jan 23 2024,Besiktas,0-0,0-0,Ad. Demirspor,2023-24
Tue Jan 23 2024,Pendikspor,3-2,2-2,Kasimpasa,2023-24
Wed Jan 24 2024,Ankaragucu,2-0,1-0,Karagumruk,2023-24
Wed Jan 24 2024,Gaziantep,1-1,1-1,Konyaspor,2023-24
Wed Jan 24 2024,Antalyaspor,2-1,2-1,Sivasspor,2023-24
Wed Jan 24 2024,Buyuksehyr,0-1,0-0,Fenerbahce,2023-24
Thu Jan 25 2024,Samsunspor,2-0,1-0,Kayserispor,2023-24
Thu Jan 25 2024,Galatasaray,3-1,1-1,Istanbulspor,2023-24
Thu Jan 25 2024,Rizespor,1-0,0-0,Trabzonspor,2023-24
Sat Jan 27 2024,Alanyaspor,1-1,0-0,Pendikspor,2023-24
Sat Jan 27 2024,Ad. Demirspor,0-1,0-1,Hatayspor,2023-24
Sun Jan 28 2024,Konyaspor,2-3,2-0,Buyuksehyr,2023-24
Sun Jan 28 2024,Karagumruk,4-0,1-0,Rizespor,2023-24
Sun Jan 28 2024,Sivasspor,1-0,1-0,Besiktas,2023-24
Sun Jan 28 2024,Fenerbahce,2-1,2-1,Ankaragucu,2023-24
Mon Jan 29 2024,Istanbulspor,1-1,0-0,Samsunspor,2023-24
Mon Jan 29 2024,Kayserispor,1-1,0-1,Antalyaspor,2023-24
Mon Jan 29 2024,Galatasaray,2-1,0-1,Gaziantep,2023-24
Mon Jan 29 2024,Trabzonspor,2-3,1-0,Kasimpasa,2023-24
Fri Feb 2 2024,Ankaragucu,0-0,0-0,Sivasspor,2023-24
Fri Feb 2 2024,Hatayspor,3-1,1-0,Karagumruk,2023-24
Fri Feb 2 2024,Samsunspor,0-2,0-2,Galatasaray,2023-24
Sat Feb 3 2024,Rizespor,0-0,0-0,Konyaspor,2023-24
Sat Feb 3 2024,Buyuksehyr,2-0,1-0,Istanbulspor,2023-24
Sat Feb 3 2024,Antalyaspor,0-2,0-1,Fenerbahce,2023-24
Sat Feb 3 2024,Gaziantep,1-1,0-1,Kayserispor,2023-24
Sun Feb 4 2024,Pendikspor,2-1,2-0,Ad. Demirspor,2023-24
Sun Feb 4 2024,Kasimpasa,2-1,1-1,Alanyaspor,2023-24
Sun Feb 4 2024,Besiktas,2-0,1-0,Trabzonspor,2023-24
Fri Feb 9 2024,Ad. Demirspor,1-3,0-2,Kasimpasa,2023-24
Sat Feb 10 2024,Karagumruk,2-0,1-0,Pendikspor,2023-24
Sat Feb 10 2024,Galatasaray,2-0,2-0,Buyuksehyr,2023-24
Sun Feb 11 2024,Sivasspor,1-0,1-0,Rizespor,2023-24
Sun Feb 11 2024,Istanbulspor,1-3,1-1,Gaziantep,2023-24
Sun Feb 11 2024,Konyaspor,1-0,1-0,Ankaragucu,2023-24
Sun Feb 11 2024,Fenerbahce,2-2,0-1,Alanyaspor,2023-24
Mon Feb 12 2024,Trabzonspor,2-0,0-0,Hatayspor,2023-24
Mon Feb 12 2024,Kayserispor,0-0,0-0,Besiktas,2023-24
Mon Feb 12 2024,Samsunspor,2-0,0-0,Antalyaspor,2023-24
Fri Feb 16 2024,Kasimpasa,1-1,1-1,Karagumruk,2023-24
Sat Feb 17 2024,Antalyaspor,2-2,2-0,Istanbulspor,2023-24
Sat Feb 17 2024,Hatayspor,1-1,0-1,Sivasspor,2023-24
Sat Feb 17 2024,Rizespor,1-3,1-0,Fenerbahce,2023-24
Sun Feb 18 2024,Alanyaspor,3-3,2-0,Ad. Demirspor,2023-24
Sun Feb 18 2024,Gaziantep,1-1,0-0,Samsunspor,2023-24
Sun Feb 18 2024,Pendikspor,0-2,0-0,Trabzonspor,2023-24
Sun Feb 18 2024,Ankaragucu,0-3,0-3,Galatasaray,2023-24
Mon Feb 19 2024,Besiktas,2-0,0-0,Konyaspor,2023-24
Mon Feb 19 2024,Buyuksehyr,2-3,0-2,Kayserispor,2023-24
Fri Feb 23 2024,Samsunspor,3-0,1-0,Rizespor,2023-24
Sat Feb 24 2024,Kayserispor,3-2,0-2,Ankaragucu,2023-24
Sat Feb 24 2024,Gaziantep,0-2,0-0,Buyuksehyr,2023-24
Sat Feb 24 2024,Fenerbahce,2-1,0-0,Kasimpasa,2023-24
Sat Feb 24 2024,Konyaspor,2-0,0-0,Hatayspor,2023-24
Sun Feb 25 2024,Sivasspor,4-1,1-1,Pendikspor,2023-24
Sun Feb 25 2024,Karagumruk,1-1,1-0,Alanyaspor,2023-24
Sun Feb 25 2024,Trabzonspor,1-0,1-0,Ad. Demirspor,2023-24
Sun Feb 25 2024,Istanbulspor,0-2,0-1,Besiktas,2023-24
Mon Feb 26 2024,Galatasaray,2-1,2-1,Antalyaspor,2023-24
Fri Mar 1 2024,Kasimpasa,0-0,0-0,Sivasspor,2023-24
Sat Mar 2 2024,Ankaragucu,1-1,0-1,Istanbulspor,2023-24
Sat Mar 2 2024,Rizespor,3-0,0-0,Kayserispor,2023-24
Sat Mar 2 2024,Hatayspor,0-2,0-2,Fenerbahce,2023-24
Sun Mar 3 2024,Buyuksehyr,1-0,0-0,Samsunspor,2023-24
Sun Mar 3 2024,Pendikspor,0-2,0-1,Konyaspor,2023-24
Sun Mar 3 2024,Besiktas,0-1,0-1,Galatasaray,2023-24
Mon Mar 4 2024,Ad. Demirspor,1-0,1-0,Karagumruk,2023-24
Mon Mar 4 2024,Alanyaspor,3-1,2-0,Trabzonspor,2023-24
Mon Mar 4 2024,Antalyaspor,1-0,1-0,Gaziantep,2023-24
Fri Mar 8 2024,Galatasaray,6-2,4-1,Rizespor,2023-24
Sat Mar 9 2024,Sivasspor,1-2,0-0,Alanyaspor,2023-24
Sat Mar 9 2024,Konyaspor,2-2,2-1,Ad. Demirspor,2023-24
Sat Mar 9 2024,Buyuksehyr,1-0,0-0,Antalyaspor,2023-24
Sat Mar 9 2024,Trabzonspor,5-1,1-1,Karagumruk,2023-24
Sun Mar 10 2024,Kayserispor,1-1,1-1,Hatayspor,2023-24
Sun Mar 10 2024,Istanbulspor,1-2,1-0,Kasimpasa,2023-24
Sun Mar 10 2024,Samsunspor,2-1,1-1,Ankaragucu,2023-24
Sun Mar 10 2024,Fenerbahce,4-1,0-1,Pendikspor,2023-24
Mon Mar 11 2024,Gaziantep,2-0,1-0,Besiktas,2023-24
Fri Mar 15 2024,Karagumruk,1-1,0-1,Konyaspor,2023-24
Fri Mar 15 2024,Pendikspor,1-0,0-0,Istanbulspor,2023-24
Sat Mar 16 2024,Alanyaspor,1-0,0-0,Kayserispor,2023-24
Sat Mar 16 2024,Ankaragucu,2-1,0-0,Buyuksehyr,2023-24
Sat Mar 16 2024,Ad. Demirspor,4-1,1-0,Sivasspor,2023-24
Sat Mar 16 2024,Besiktas,1-2,0-2,Antalyaspor,2023-24
Sun Mar 17 2024,Rizespor,3-1,0-0,Gaziantep,2023-24
Sun Mar 17 2024,Hatayspor,3-0,1-0,Samsunspor,2023-24
Sun Mar 17 2024,Kasimpasa,3-4,1-1,Galatasaray,2023-24
Sun Mar 17 2024,Trabzonspor,2-3,0-2,Fenerbahce,2023-24
Tue Apr 2 2024,Istanbulspor,0-4,0-2,Rizespor,2023-24
Tue Apr 2 2024,Antalyaspor,1-1,1-0,Ankaragucu,2023-24
Tue Apr 2 2024,Galatasaray,1-0,1-0,Hatayspor,2023-24
Tue Apr 2 2024,Gaziantep,0-3,0-2,Alanyaspor,2023-24
Wed Apr 3 2024,Sivasspor,1-0,0-0,Karagumruk,2023-24
Wed Apr 3 2024,Fenerbahce,4-2,1-1,Ad. Demirspor,2023-24
Wed Apr 3 2024,Kayserispor,0-2,0-1,Kasimpasa,2023-24
Wed Apr 3 2024,Konyaspor,1-3,0-1,Trabzonspor,2023-24
Thu Apr 4 2024,Buyuksehyr,1-1,0-1,Besiktas,2023-24
Thu Apr 4 2024,Samsunspor,0-0,0-0,Pendikspor,2023-24
Fri Apr 12 2024,Trabzonspor,0-1,0-0,Sivasspor,2023-24
Sat Apr 13 2024,Kasimpasa,0-2,0-1,Konyaspor,2023-24
Sat Apr 13 2024,Ankaragucu,3-1,1-1,Gaziantep,2023-24
Sat Apr 13 2024,Ad. Demirspor,0-0,0-0,Kayserispor,2023-24
Sat Apr 13 2024,Besiktas,1-1,1-0,Samsunspor,2023-24
Sun Apr 14 2024,Pendikspor,2-3,1-1,Buyuksehyr,2023-24
Sun Apr 14 2024,Hatayspor,0-3,0-0,Istanbulspor,2023-24
Sun Apr 14 2024,Rizespor,3-0,1-0,Antalyaspor,2023-24
Sun Apr 14 2024,Karagumruk,1-2,1-0,Fenerbahce,2023-24
Mon Apr 15 2024,Alanyaspor,0-4,0-0,Galatasaray,2023-24
Fri Apr 19 2024,Besiktas,2-0,1-0,Ankaragucu,2023-24
Sat Apr 20 2024,Istanbulspor,1-2,0-0,Karagumruk,2023-24
Sat Apr 20 2024,Konyaspor,0-2,0-1,Alanyaspor,2023-24
Sat Apr 20 2024,Kayserispor,1-2,0-1,Trabzonspor,2023-24
Sat Apr 20 2024,Samsunspor,1-1,0-1,Ad. Demirspor,2023-24
Sun Apr 21 2024,Buyuksehyr,2-0,1-0,Rizespor,2023-24
Sun Apr 21 2024,Antalyaspor,2-1,0-1,Hatayspor,2023-24
Sun Apr 21 2024,Galatasaray,4-1,2-0,Pendikspor,2023-24
Sun Apr 21 2024,Gaziantep,2-0,2-0,Kasimpasa,2023-24
Mon Apr 22 2024,Sivasspor,2-2,0-1,Fenerbahce,2023-24
Fri Apr 26 2024,Ad. Demirspor,0-3,0-0,Galatasaray,2023-24
Sat Apr 27 2024,Kasimpasa,1-0,1-0,Samsunspor,2023-24
Sat Apr 27 2024,Sivasspor,1-0,0-0,Konyaspor,2023-24
Sat Apr 27 2024,Fenerbahce,2-1,1-0,Besiktas,2023-24
Sat Apr 27 2024,Hatayspor,1-2,0-1,Buyuksehyr,2023-24
Sun Apr 28 2024,Alanyaspor,6-0,3-0,Istanbulspor,2023-24
Sun Apr 28 2024,Pendikspor,1-2,1-1,Kayserispor,2023-24
Sun Apr 28 2024,Rizespor,2-2,2-0,Ankaragucu,2023-24
Sun Apr 28 2024,Trabzonspor,4-2,0-2,Gaziantep,2023-24
Mon Apr 29 2024,Karagumruk,4-1,1-0,Antalyaspor,2023-24
Fri May 3 2024,Ankaragucu,1-1,1-0,Alanyaspor,2023-24
Fri May 3 2024,Besiktas,3-2,1-1,Rizespor,2023-24
Sat May 4 2024,Istanbulspor,0-1,0-1,Ad. Demirspor,2023-24
Sat May 4 2024,Kayserispor,2-2,1-0,Karagumruk,2023-24
Sat May 4 2024,Samsunspor,3-1,3-1,Trabzonspor,2023-24
Sun May 5 2024,Buyuksehyr,4-1,2-0,Kasimpasa,2023-24
Sun May 5 2024,Galatasaray,6-1,2-0,Sivasspor,2023-24
Sun May 5 2024,Gaziantep,1-1,1-1,Hatayspor,2023-24
Mon May 6 2024,Antalyaspor,1-2,1-2,Pendikspor,2023-24
Mon May 6 2024,Konyaspor,0-0,0-0,Fenerbahce,2023-24
Sun May 12 2024,Ad. Demirspor,1-6,1-3,Gaziantep,2023-24
Sun May 12 2024,Alanyaspor,1-1,0-0,Besiktas,2023-24
Sun May 12 2024,Fenerbahce,3-0,2-0,Kayserispor,2023-24
Sun May 12 2024,Hatayspor,2-1,0-0,Ankaragucu,2023-24
Sun May 12 2024,Karagumruk,2-3,1-1,Galatasaray,2023-24
Sun May 12 2024,Kasimpasa,3-1,2-0,Antalyaspor,2023-24
Sun May 12 2024,Konyaspor,3-0,3-0,Samsunspor,2023-24
Sun May 12 2024,Pendikspor,2-1,0-1,Rizespor,2023-24
Sun May 12 2024,Sivasspor,0-1,0-1,Buyuksehyr,2023-24
Sun May 12 2024,Trabzonspor,3-0,2-0,Istanbulspor,2023-24
Fri May 17 2024,Istanbulspor,1-3,0-2,Sivasspor,2023-24
Fri May 17 2024,Antalyaspor,2-1,1-0,Ad. Demirspor,2023-24
Sat May 18 2024,Ankaragucu,0-0,0-0,Pendikspor,2023-24
Sat May 18 2024,Besiktas,2-2,0-1,Hatayspor,2023-24
Sat May 18 2024,Buyuksehyr,0-1,0-1,Trabzonspor,2023-24
Sat May 18 2024,Gaziantep,3-1,0-0,Karagumruk,2023-24
Sat May 18 2024,Kayserispor,2-2,1-1,Konyaspor,2023-24
Sat May 18 2024,Rizespor,0-0,0-0,Kasimpasa,2023-24
Sat May 18 2024,Samsunspor,1-1,0-1,Alanyaspor,2023-24
Sun May 19 2024,Galatasaray,0-1,0-0,Fenerbahce,2023-24
Fri May 24 2024,Alanyaspor,1-1,1-0,Antalyaspor,2023-24
Sat May 25 2024,Karagumruk,3-1,1-0,Samsunspor,2023-24
Sat May 25 2024,Sivasspor,2-1,1-1,Kayserispor,2023-24
Sun May 26 2024,Ad. Demirspor,2-6,1-4,Buyuksehyr,2023-24
Sun May 26 2024,Fenerbahce,6-0,3-0,Istanbulspor,2023-24
Sun May 26 2024,Hatayspor,2-0,1-0,Rizespor,2023-24
Sun May 26 2024,Kasimpasa,2-1,1-0,Besiktas,2023-24
Sun May 26 2024,Konyaspor,1-3,0-1,Galatasaray,2023-24
Sun May 26 2024,Pendikspor,0-1,0-1,Gaziantep,2023-24
Sun May 26 2024,Trabzonspor,4-2,0-1,Ankaragucu,2023-24
